Ticker,Company,Sector,Price,ScanPrice,ATR14,ATRPercent,ADV30,DollarVolume30,SMA50,SMA200,TrendScore15,SupportType,Support,PctAboveSupport,EntryZone,SupportTests,Bounce1Pct,Bounce2Pct,Confluence,RS20vsSPY,RS60vsSPY,SectorRS20,UpDownVolumeRatio,OBVChangePct,SuggestedStop,Target1,Target2,RR_Target1,RR_Target2,NextEarnings,EarningsTiming,DaysToEarnings,RecentNews,LiquidityPts10,TrendPts15,SupportPts20,RSPts15,AccumulationPts10,RRPts15,SectorPts5,CatalystPts5,QualityPts5,Score100,SetupScore100,QUALIFIES,Classification
FROG,JFrog Ltd.,Technology,99.79,99.79,4.46,4.47,1663734,154458844,91.78,69.21,15,BreakoutRetest,99.22,0.57,Prime Entry,2,5.52,5.3,0,12.86,11.89,8.98,0.87,13.38,96.99,105.76,117.62,2.13,6.37,2026-11-05,,27.0,False,7,15,15,14,4,15,5,4,5,84,84,True,B Setup
PANW,"Palo Alto Networks, Inc.",Technology,407.9,407.9,15.61,3.83,6284096,2328786689,370.63,255.87,15,BreakoutRetest,398.88,2.26,Buyable,2,11.17,8.31,0,21.76,11.79,17.87,0.9,22.31,390.9,432.33,470.36,1.44,3.67,2026-11-18,,40.0,True,9,15,15,14,4,13,5,5,4,84,84,True,B Setup
FIVN,"Five9, Inc.",Technology,35.52,35.52,1.84,5.17,2161802,74620107,33.19,22.93,15,BreakoutRetest,34.58,2.73,Buyable,2,6.58,7.94,0,14.27,37.2,10.38,1.13,40.82,33.66,36.47,40.0,0.51,2.4,2026-11-09,,31.0,True,7,15,14,15,7,9,5,5,3,80,80,True,B Setup
PCVX,"Vaxcyte, Inc.",Healthcare,67.84,67.84,5.29,7.8,2557800,164493834,59.87,55.72,15,BreakoutRetest,60.45,12.23,Extended,2,4.08,6.19,1,12.48,17.63,11.39,1.38,84.92,57.8,90.75,101.33,2.28,3.34,2026-11-03,,25.0,True,8,15,13,15,9,13,5,5,3,86,86,False,Institutional Watchlist
LITE,Lumentum Holdings Inc.,Technology,1116.58,1116.58,65.21,5.84,4421499,4242423745,920.6,764.26,15,BreakoutRetest,1049.53,6.39,Watch for Pullback,2,18.32,11.3,0,18.85,54.67,14.96,1.22,5.8,1016.92,1137.21,1377.43,0.21,2.62,2026-11-05,,27.0,True,8,15,12,15,9,11,5,5,5,85,85,False,Institutional Watchlist
OCTO,Eightco Holdings Inc.,Consumer Cyclical,24.11,24.11,8.28,34.34,7755535,339308966,3.56,1.97,15,BreakoutRetest,1.54,1465.58,Extended,2,5554.42,5516.22,0,1484.58,1975.01,1486.53,15.46,99.4,-2.6,83.12,99.68,2.21,2.83,,,,False,8,15,12,15,10,11,5,4,1,81,81,False,Institutional Watchlist
MSFT,Microsoft Corporation,Technology,533.02,533.02,12.44,2.33,21034774,10660558220,500.41,433.99,15,BreakoutRetest,513.73,3.75,Buyable,2,6.66,4.59,0,5.94,29.45,2.06,1.01,11.09,503.46,557.9,582.77,0.84,1.68,2026-10-28,,19.0,True,10,15,14,14,7,6,4,5,5,80,80,False,Institutional Watchlist
MGNI,"Magnite, Inc.",Communication Services,25.52,25.52,1.02,3.98,2216512,54580682,23.97,17.09,15,BreakoutRetest,25.45,0.28,Prime Entry,2,5.1,5.88,0,5.76,24.74,8.43,1.17,10.04,24.94,25.79,26.4,0.47,1.52,2026-11-04,,26.0,True,7,15,15,14,7,6,5,5,5,79,79,False,Developing
WBD,"Warner Bros. Discovery, Inc.",Communication Services,30.95,30.95,0.36,1.18,53659243,1626272412,28.33,27.69,15,BreakoutRetest,28.68,7.91,Extended,2,10.55,10.25,1,7.96,12.96,10.62,2.28,17.63,28.11,31.68,32.41,0.26,0.51,2026-11-05,,27.0,True,10,15,14,13,10,2,5,5,5,79,79,False,Developing
TER,"Teradyne, Inc.",Technology,405.89,405.89,19.56,4.82,2376928,898443537,382.95,340.72,15,BreakoutRetest,409.72,-0.93,Support Test / Reclaim,2,13.01,6.53,0,5.29,22.5,1.4,1.2,-2.06,399.94,420.6,422.11,2.47,2.73,2026-10-27,,18.0,True,8,15,14,14,5,11,3,5,3,78,78,False,Developing
ADPT,Adaptive Biotechnologies Corporation,Healthcare,26.46,26.46,1.47,5.57,2250351,60954183,26.02,18.92,15,BreakoutRetest,26.16,1.16,Prime Entry,2,21.25,6.89,1,7.75,16.31,6.66,1.09,-8.48,25.42,26.87,28.72,0.39,2.17,2026-11-04,,26.0,True,7,15,18,14,3,9,5,5,2,78,78,False,Developing
CAI,"Caris Life Sciences, Inc.",Healthcare,28.72,28.72,1.87,6.5,4809877,136402553,25.71,21.22,15,BreakoutRetest,28.32,1.39,Prime Entry,2,27.48,15.09,0,16.37,70.8,15.28,1.08,-203.17,27.39,31.36,32.56,1.99,2.89,2026-11-04,,26.0,True,8,15,16,15,3,11,5,5,0,78,78,False,Developing
AMD,"Advanced Micro Devices, Inc.",Technology,612.74,612.74,21.76,3.55,20326313,11479859602,529.01,385.34,15,BreakoutRetest,530.13,15.58,Extended,2,23.37,26.27,1,17.12,18.88,13.23,1.48,0.04,519.25,639.0,658.52,0.28,0.49,2026-11-03,,25.0,True,10,15,14,15,7,2,5,5,4,77,77,False,Developing
IMGN,"ImmunoGen, Inc.",Healthcare,31.23,31.23,0.28,0.91,8193149,247686976,29.69,19.27,15,BreakoutRetest,29.91,4.41,Buyable,2,6.47,6.26,1,3.8,96.24,2.71,2.2,30.7,29.31,31.8,32.37,0.3,0.59,,,,False,8,15,16,12,10,2,4,4,5,76,76,False,Developing
PLTR,Palantir Technologies Inc.,Technology,202.78,202.78,5.75,2.84,23959360,4364887500,176.85,152.3,15,BreakoutRetest,182.44,11.15,Extended,2,5.98,10.19,0,19.66,47.4,15.77,1.16,5.59,178.79,214.28,225.79,0.48,0.96,2026-11-02,,24.0,True,10,15,12,15,7,2,5,5,5,76,76,False,Developing
PTC,PTC Inc.,Technology,194.49,194.49,7.27,3.74,3078060,520018912,148.81,145.53,12,BreakoutRetest,148.7,30.8,Extended,2,3.86,36.7,1,47.12,49.27,43.23,4.03,2223.61,145.06,209.04,223.59,0.29,0.59,2026-11-04,,26.0,True,8,12,14,15,10,2,5,5,5,76,76,False,Developing
GOOG,Alphabet Inc.,Communication Services,347.85,347.85,8.46,2.43,16535179,5617909998,343.39,338.38,15,BreakoutRetest,348.08,-0.07,Support Test / Reclaim,2,4.68,4.24,1,2.1,-5.12,4.76,1.0,12.13,341.12,359.98,369.69,1.8,3.24,2026-10-28,,19.0,True,10,15,14,5,4,13,4,5,5,75,75,False,Developing
OLLI,"Ollie's Bargain Outlet Holdings, Inc.",Consumer Defensive,85.23,85.23,2.5,2.93,1917586,151684593,78.53,88.83,7,BreakoutRetest,84.94,0.34,Prime Entry,2,7.76,4.87,0,14.26,23.85,15.98,1.11,24.89,83.24,88.84,89.39,1.82,2.09,2026-12-08,,60.0,True,7,7,15,15,7,9,5,5,5,75,75,False,Developing
FORM,"FormFactor, Inc.",Technology,140.97,140.97,7.31,5.19,1664313,216018714,119.82,110.68,15,BreakoutRetest,139.92,0.75,Prime Entry,2,7.88,5.86,0,21.04,28.17,17.15,0.42,-63.54,136.26,146.11,151.18,1.09,2.17,2026-10-28,,19.0,True,7,15,15,15,0,9,5,5,4,75,75,False,Developing
DDOG,"Datadog, Inc.",Technology,280.95,280.95,10.5,3.74,3229893,779613272,246.63,188.25,15,BreakoutRetest,278.71,0.8,Prime Entry,2,5.89,4.68,0,25.4,3.66,21.52,0.96,5.71,273.14,285.68,292.72,0.61,1.51,2026-11-05,,27.0,True,8,15,15,12,4,6,5,5,5,75,75,False,Developing
VRNS,"Varonis Systems, Inc.",Technology,49.36,49.36,1.56,3.17,1813767,84949243,45.19,34.39,15,BreakoutRetest,48.43,1.92,Prime Entry,2,6.89,3.84,0,7.8,1.58,3.91,0.73,3.95,47.46,52.49,55.62,1.65,3.3,2026-10-27,,18.0,True,7,15,15,9,2,13,4,5,5,75,75,False,Developing
CBRL,Cracker Barrel Old Country Store,Consumer Cyclical,55.62,55.62,2.62,4.71,1023293,51722685,53.93,39.8,15,SMA50,53.79,3.39,Buyable,2,9.72,10.66,1,10.81,5.51,12.75,1.03,1210.78,52.48,57.21,58.78,0.51,1.01,2026-12-08,,60.0,True,7,15,17,12,7,2,5,5,5,75,75,False,Developing
SMTC,Semtech Corporation,Technology,185.85,185.85,10.81,5.82,3089200,525369380,153.56,119.89,15,BreakoutRetest,177.35,4.79,Buyable,2,14.5,15.23,0,9.53,42.16,5.64,1.23,2.06,171.95,190.64,201.99,0.34,1.16,2026-11-23,,45.0,True,8,15,15,14,7,2,5,5,4,75,75,False,Developing
IBRX,"ImmunityBio, Inc.",Healthcare,10.23,10.23,0.72,7.02,11854524,105939812,8.29,7.4,15,BreakoutRetest,9.6,6.56,Watch for Pullback,2,21.46,11.03,0,27.73,33.88,26.64,1.4,10.7,9.24,10.81,10.98,0.59,0.76,2026-11-03,,25.0,True,8,15,12,15,9,2,5,5,4,75,75,False,Developing
MRNA,"Moderna, Inc.",Healthcare,205.9,205.9,15.51,7.53,16428936,2815788835,137.88,72.54,15,Horizontal,182.89,12.58,Extended,2,18.37,18.88,0,41.42,222.61,40.32,1.07,11.0,175.14,208.9,212.22,0.1,0.21,2026-11-05,,27.0,True,10,15,12,15,7,2,5,5,4,75,75,False,Developing
VIAV,Viavi Solutions Inc.,Technology,45.63,45.63,2.57,5.63,5219792,204632922,39.32,37.5,15,SMA50,38.66,18.01,Extended,2,6.72,29.36,0,16.15,20.11,12.26,1.46,16.93,37.38,46.66,48.42,0.13,0.34,2026-10-28,,19.0,True,8,15,12,15,9,2,5,5,4,75,75,False,Developing
PENG,"Penguin Solutions, Inc.",Technology,71.66,71.66,4.69,6.55,2843572,175558792,55.09,40.94,15,BreakoutRetest,55.65,28.77,Extended,2,47.53,45.73,1,38.47,5.19,34.58,1.77,145.29,53.3,73.24,77.37,0.09,0.31,2027-01-05,,88.0,True,8,15,14,12,10,2,5,5,4,75,75,False,Developing
KDLY,"Kindly MD, Inc.",Healthcare,24.94,24.94,5.34,21.39,4685524,68826212,4.26,2.1,15,BreakoutRetest,1.83,1262.84,Extended,2,125.31,1783.23,1,1356.88,1195.52,1355.79,2.5,37.01,-0.84,31.45,46.28,0.25,0.83,,,,False,7,15,14,15,10,2,5,4,3,75,75,False,Developing
MRVL,"Marvell Technology, Inc.",Technology,268.71,268.71,13.68,5.09,20240211,4967857483,236.36,171.75,15,BreakoutRetest,252.52,6.41,Watch for Pullback,2,14.29,19.46,0,12.21,39.27,8.33,1.21,4.05,245.68,292.51,300.0,1.03,1.36,2026-12-01,,53.0,True,10,15,12,15,7,2,5,5,3,74,74,False,Below Threshold
CRWD,"CrowdStrike Holdings, Inc.",Technology,267.9,267.9,9.74,3.64,10503039,2517754941,228.56,157.28,15,BreakoutRetest,227.5,17.76,Extended,2,13.7,22.13,1,27.98,28.04,24.09,0.83,15.54,222.63,286.99,306.87,0.42,0.86,2026-12-01,,53.0,True,10,15,14,15,4,2,5,5,4,74,74,False,Below Threshold
SAIL,"SailPoint, Inc.",Technology,20.36,20.36,1.1,5.4,5131132,102161388,19.33,16.04,15,BreakoutRetest,20.38,-0.1,Support Test / Reclaim,2,6.74,5.93,0,16.5,24.94,12.61,1.08,-27.63,19.83,20.81,21.23,0.85,1.64,2026-12-08,,60.0,True,8,15,13,15,3,6,5,5,3,73,73,False,Below Threshold
BTSG,"BrightSpring Health Services, Inc. Common Stock",Healthcare,63.97,63.97,1.83,2.87,2431228,143312488,59.65,52.95,12,BreakoutRetest,62.11,2.99,Buyable,2,9.31,3.27,0,7.32,-9.59,6.23,1.42,8.63,60.87,65.64,70.72,0.54,2.18,2026-10-30,,21.0,False,8,12,14,7,9,9,5,4,5,73,73,False,Below Threshold
FSLY,"Fastly, Inc.",Technology,28.16,28.16,2.37,8.42,6794132,172314284,24.83,20.36,15,BreakoutRetest,27.23,3.4,Buyable,2,32.14,14.18,0,19.97,35.12,16.08,1.1,7.64,26.04,30.69,30.95,1.2,1.32,2026-11-04,,26.0,True,8,15,15,15,7,2,5,5,1,73,73,False,Below Threshold
EXEL,"Exelixis, Inc.",Healthcare,59.55,59.55,1.72,2.88,2129255,123061517,56.14,49.47,15,BreakoutRetest,57.57,3.44,Buyable,2,5.32,6.68,0,4.51,3.51,3.42,0.79,156.64,56.42,61.14,66.42,0.51,2.19,2026-11-03,,25.0,True,8,15,14,9,4,9,4,5,5,73,73,False,Below Threshold
CORT,Corcept Therapeutics Incorporated,Healthcare,119.66,119.66,5.34,4.46,1417411,160037690,115.15,70.85,15,BreakoutRetest,114.71,4.32,Buyable,2,8.53,7.82,2,4.49,29.93,3.4,0.3,121.52,112.04,122.21,122.81,0.33,0.41,2026-11-04,,26.0,True,7,15,19,12,4,2,4,5,5,73,73,False,Below Threshold
NTAP,"NetApp, Inc.",Technology,231.44,231.44,8.26,3.57,2635876,529820964,198.15,141.73,15,BreakoutRetest,195.7,18.26,Extended,2,18.81,23.38,1,14.54,41.49,10.65,0.96,77.72,191.57,238.08,264.48,0.17,0.83,2026-12-01,,53.0,True,8,15,14,15,4,2,5,5,5,73,73,False,Below Threshold
NTSK,"Netskope, Inc. Class A Common Stock",Technology,19.83,19.83,0.87,4.4,6882069,116175555,15.98,12.79,12,BreakoutRetest,15.02,32.02,Extended,2,30.47,33.43,0,33.3,43.45,29.41,1.2,13.72,14.58,20.39,23.32,0.11,0.66,2026-12-11,,63.0,True,8,12,12,15,9,2,5,5,5,73,73,False,Below Threshold
BSY,"Bentley Systems, Incorporated",Technology,35.01,35.01,1.26,3.61,2562508,84601263,34.33,34.43,7,BreakoutRetest,35.34,-0.95,Support Test / Reclaim,2,4.32,9.07,0,11.43,2.29,7.54,1.41,8.41,34.63,35.83,36.13,2.22,3.03,2026-11-05,,27.0,True,7,7,13,10,9,13,5,5,3,72,72,False,Below Threshold
APA,APA Corporation,Energy,46.32,46.32,1.54,3.33,5447304,239616978,42.47,35.85,15,BreakoutRetest,45.05,2.81,Buyable,2,6.18,6.99,0,1.95,31.68,2.74,0.7,4.58,44.15,47.44,52.5,0.52,2.85,2026-11-04,,26.0,True,8,15,14,10,2,11,4,5,3,72,72,False,Below Threshold
SMCI,"Super Micro Computer, Inc.",Technology,41.51,41.51,2.21,5.33,35305763,1422642240,38.0,32.32,15,Horizontal,39.99,3.8,Buyable,2,14.86,14.05,0,1.92,64.76,-1.97,1.27,9.05,38.88,42.31,43.76,0.3,0.86,2026-11-03,,25.0,True,10,15,15,10,9,2,2,5,4,72,72,False,Below Threshold
ENTG,"Entegris, Inc.",Technology,162.57,162.57,6.51,4.0,2060544,298834508,146.07,134.12,15,BreakoutRetest,152.99,6.26,Watch for Pullback,2,15.15,11.16,0,14.21,17.34,10.33,1.07,2.83,149.74,166.2,168.0,0.28,0.42,2026-10-29,,20.0,True,8,15,12,15,5,2,5,5,5,72,72,False,Below Threshold
CERE,"Cerevel Therapeutics Holdings, Inc.",Healthcare,44.96,44.96,0.54,1.21,2948602,124791897,41.66,38.78,15,SMA50,41.32,8.81,Extended,2,8.21,11.12,1,9.96,2.3,8.87,1.88,29.93,40.49,46.05,47.13,0.24,0.49,,,,False,8,15,14,9,10,2,5,4,5,72,72,False,Below Threshold
CHNG,Change Healthcare Inc.,Healthcare,27.49,27.49,0.3,1.08,8655971,233069980,25.18,22.88,15,BreakoutRetest,24.68,11.39,Extended,2,4.64,10.27,0,9.47,14.49,8.38,1.46,390.83,24.19,28.08,28.68,0.18,0.36,,,,False,8,15,11,13,9,2,5,4,5,72,72,False,Below Threshold
COHU,"Cohu, Inc.",Technology,69.08,69.08,3.44,4.99,1002778,59709363,57.16,45.0,15,SMA50,52.57,31.42,Extended,2,23.71,35.14,0,19.43,30.68,15.54,1.28,1.64,50.85,70.92,74.6,0.1,0.3,2026-10-29,,20.0,True,7,15,12,15,7,2,5,5,4,72,72,False,Below Threshold
GTLB,GitLab Inc.,Technology,54.34,54.34,1.93,3.55,5151015,250477664,45.42,32.68,15,BreakoutRetest,43.81,24.04,Extended,2,25.94,24.04,0,14.04,67.66,10.15,0.81,16.53,42.84,55.55,62.06,0.11,0.67,2026-12-01,,53.0,True,8,15,12,15,4,2,5,5,5,71,71,False,Below Threshold
TWST,Twist Bioscience Corporation,Healthcare,159.24,159.24,16.7,10.49,2575474,417906586,143.65,80.44,15,BreakoutRetest,126.4,25.98,Extended,2,41.38,47.92,0,23.57,71.11,22.48,0.74,-29.48,118.05,219.71,253.1,1.47,2.28,2026-11-13,,35.0,True,8,15,12,15,0,9,5,5,2,71,71,False,Below Threshold
GRAL,GRAIL Inc.,Healthcare,136.48,136.48,12.01,8.8,1259634,137038060,92.03,74.92,15,BreakoutRetest,79.5,71.67,Extended,2,68.88,104.34,0,77.44,86.22,76.35,1.32,0.43,73.49,151.46,166.48,0.24,0.48,2026-11-11,,33.0,True,7,15,12,15,7,2,5,5,3,71,71,False,Below Threshold
CCC,CCC Intelligent Solutions Holdings Inc.,Technology,7.08,7.08,0.28,3.94,10688924,72404778,6.88,6.11,12,BreakoutRetest,7.02,0.93,Prime Entry,2,5.67,7.15,0,1.23,11.39,-2.66,0.8,6.23,6.88,7.54,7.67,2.22,2.85,2026-10-29,,20.0,True,7,12,15,9,4,11,2,5,5,70,70,False,Below Threshold
PRVB,"Provention Bio, Inc.",Healthcare,24.98,24.98,0.2,0.8,2417297,58660664,18.81,9.94,15,BreakoutRetest,24.23,3.1,Buyable,2,3.26,3.31,1,1.62,185.02,0.53,1.27,12.89,23.75,25.38,25.78,0.32,0.64,,,,False,7,15,15,10,9,2,3,4,5,70,70,False,Below Threshold
QRVO,"Qorvo, Inc.",Technology,114.17,114.17,4.5,3.94,1771826,197069624,102.65,90.54,15,BreakoutRetest,109.49,4.27,Buyable,2,16.87,12.01,0,12.14,30.17,8.25,0.75,1.13,107.24,118.63,120.52,0.64,0.92,2026-10-27,,18.0,True,7,15,15,15,2,2,5,5,4,70,70,False,Below Threshold
TXN,Texas Instruments Incorporated,Technology,285.53,285.53,7.17,2.51,5430137,1463771094,271.91,251.66,15,SMA50,272.18,4.91,Buyable,2,13.29,11.98,1,4.66,-5.39,0.78,1.51,6.44,266.73,289.62,292.64,0.22,0.38,2026-10-21,,12.0,True,9,15,17,5,10,2,3,4,5,70,70,False,Below Threshold
NTNX,"Nutanix, Inc.",Technology,73.29,73.29,1.74,2.38,2382146,165830528,67.5,51.07,15,BreakoutRetest,68.88,6.4,Watch for Pullback,2,7.77,12.17,0,9.58,27.79,5.69,0.78,86.97,67.5,74.42,80.26,0.2,1.2,2026-11-24,,46.0,False,8,15,12,14,4,2,5,5,5,70,70,False,Below Threshold
DWAC,Digital World Acquisition Corp.,Financial Services,49.95,49.95,5.31,10.62,2841206,127211548,40.85,21.97,15,BreakoutRetest,42.25,18.22,Extended,2,36.82,38.62,0,4.16,174.84,10.66,1.91,11.07,39.6,56.29,58.72,0.61,0.85,,,,False,8,15,12,12,10,2,5,4,2,70,70,False,Below Threshold
WBA,"Walgreens Boots Alliance, Inc.",Healthcare,11.98,11.98,0.13,1.11,25867405,308894872,11.67,10.82,15,BreakoutRetest,11.63,3.01,Buyable,2,4.4,4.71,1,1.32,3.24,0.23,1.59,42.27,11.4,12.1,12.13,0.21,0.26,,,,False,8,15,15,7,10,2,3,4,5,69,69,False,Below Threshold
ISEE,"IVERIC bio, Inc.",Healthcare,39.95,39.95,0.56,1.4,4881954,190201193,38.02,26.09,15,BreakoutRetest,38.25,4.44,Buyable,2,3.28,10.62,1,2.95,40.79,1.86,0.59,7.51,37.48,41.07,42.18,0.45,0.91,,,,False,8,15,16,12,4,2,3,4,5,69,69,False,Below Threshold
WAY,Waystar Holding Corp.,Healthcare,26.07,26.07,1.06,4.07,1995787,51185470,24.95,24.21,12,SMA50,24.58,6.06,Watch for Pullback,2,8.34,8.65,1,9.5,9.1,8.41,1.39,946.69,24.05,26.76,26.87,0.34,0.39,2026-11-04,,26.0,False,7,12,14,13,9,2,5,4,3,69,69,False,Below Threshold
MXL,"MaxLinear, Inc.",Technology,96.97,96.97,7.96,8.21,2846827,234972163,76.51,55.74,15,SMA50,72.68,33.42,Extended,2,38.61,42.51,0,28.44,26.9,24.55,1.14,1.11,68.7,98.49,98.99,0.05,0.07,2026-10-22,,13.0,True,8,15,12,15,5,2,5,4,3,69,69,False,Below Threshold
MU,"Micron Technology, Inc.",Technology,1023.33,1023.33,43.58,4.26,25132463,25636203534,976.07,701.65,15,Horizontal,1027.45,-0.4,Support Test / Reclaim,2,7.36,8.32,0,3.33,16.5,-0.56,1.32,1.81,1005.66,1035.5,1036.13,0.69,0.72,,,,False,10,15,13,12,7,2,2,4,3,68,68,False,Below Threshold
MDB,"MongoDB, Inc.",Technology,379.19,379.19,25.72,6.78,2921449,1072600468,395.03,341.39,9,SMA50,377.15,0.54,Prime Entry,2,18.3,15.27,1,3.09,11.96,-0.8,0.67,106.12,364.29,388.0,412.0,0.59,2.2,,,,False,8,9,18,11,4,9,2,4,3,68,68,False,Below Threshold
EXLS,"ExlService Holdings, Inc.",Technology,36.83,36.83,1.01,2.73,1996563,71662380,35.77,32.87,12,BreakoutRetest,36.2,1.75,Prime Entry,2,5.68,5.11,1,2.86,24.95,-1.02,1.34,5.79,35.48,37.39,38.33,0.41,1.1,,,,False,7,12,17,12,9,2,2,4,3,68,68,False,Below Threshold
RXDX,"Prometheus Biosciences, Inc.",Healthcare,199.92,199.92,0.29,0.15,1119572,220445905,184.19,109.6,15,BreakoutRetest,195.0,2.52,Buyable,2,4.86,3.55,0,2.02,73.86,0.93,1.19,24.18,191.1,200.51,201.09,0.07,0.13,,,,False,7,15,13,12,7,2,3,4,5,68,68,False,Below Threshold
OUST,"Ouster, Inc.",Technology,39.57,39.57,2.78,7.03,2205342,85219134,39.71,31.92,14,SMA50,38.38,3.09,Buyable,2,24.95,20.15,0,10.4,9.17,6.51,0.83,-0.65,36.99,41.1,43.97,0.59,1.71,,,,False,7,14,15,14,0,6,5,4,3,68,68,False,Below Threshold
FRSH,Freshworks Inc.,Technology,13.78,13.78,0.52,3.77,6209323,81414367,12.68,10.23,15,BreakoutRetest,13.28,3.77,Buyable,2,12.09,5.12,0,14.29,22.41,10.41,0.56,-8.77,13.01,13.99,14.37,0.27,0.77,,,,False,7,15,15,15,0,2,5,4,5,68,68,False,Below Threshold
IAC,IAC Inc.,Communication Services,43.55,43.55,1.57,3.6,1371116,58832977,42.26,37.75,15,SMA50,41.81,4.15,Buyable,2,10.94,5.71,2,1.48,12.98,4.14,0.96,56.53,40.98,44.34,45.2,0.31,0.64,,,,False,7,15,19,9,4,2,4,4,4,68,68,False,Below Threshold
DOCU,"DocuSign, Inc.",Technology,70.84,70.84,2.47,3.48,3319185,225198575,64.72,53.68,15,BreakoutRetest,65.25,8.57,Extended,2,7.99,13.03,1,6.3,29.27,2.42,0.93,20.36,63.94,74.07,80.7,0.47,1.43,,,,False,8,15,14,14,4,2,4,4,3,68,68,False,Below Threshold
FTNT,"Fortinet, Inc.",Technology,191.92,191.92,5.32,2.77,4033059,691686018,167.32,121.29,15,BreakoutRetest,172.09,11.52,Extended,2,13.03,11.77,0,21.37,15.93,17.48,0.74,0.19,168.65,202.55,213.18,0.46,0.91,,,,False,8,15,12,15,2,2,5,4,5,68,68,False,Below Threshold
OPCH,"Option Care Health, Inc.",Healthcare,31.06,31.06,1.01,3.26,4926092,139931680,24.23,26.42,7,BreakoutRetest,24.7,25.73,Extended,2,5.73,30.28,0,30.66,37.08,29.57,4.59,626.92,24.19,35.06,35.83,0.58,0.7,,,,False,8,7,12,15,10,2,5,4,5,68,68,False,Below Threshold
NVDA,NVIDIA Corporation,Technology,230.75,230.75,5.1,2.21,112487887,25326695801,222.11,202.16,15,BreakoutRetest,232.28,-0.66,Support Test / Reclaim,2,6.72,6.67,0,4.11,7.82,0.22,1.15,9.09,227.63,233.21,234.76,0.79,1.29,,,,False,10,15,13,9,7,2,3,4,4,67,67,False,Below Threshold
AMRX,"Amneal Pharmaceuticals, Inc.",Healthcare,19.67,19.67,0.74,3.78,2782863,53132642,18.46,15.19,15,BreakoutRetest,19.26,2.15,Buyable,2,8.57,7.5,0,14.06,5.62,12.97,1.07,-11.63,18.87,20.6,20.78,1.16,1.38,,,,False,7,15,15,12,3,2,5,4,4,67,67,False,Below Threshold
CAKE,The Cheesecake Factory Incorporated,Consumer Cyclical,106.62,106.62,3.19,2.99,1304671,136521550,106.84,75.35,14,SMA50,103.81,2.71,Buyable,2,8.46,6.68,0,2.22,24.54,4.16,1.3,-3.81,101.74,107.95,111.0,0.27,0.9,,,,False,7,14,14,12,5,2,4,4,5,67,67,False,Below Threshold
META,"Meta Platforms, Inc.",Communication Services,723.12,723.12,21.86,3.02,20502948,14152616733,639.82,630.16,15,BreakoutRetest,686.08,5.4,Watch for Pullback,2,16.06,14.75,0,9.99,5.38,12.65,1.0,11.65,672.36,744.0,747.6,0.41,0.48,,,,False,10,15,12,11,4,2,5,4,4,67,67,False,Below Threshold
MAT,"Mattel, Inc.",Consumer Cyclical,16.96,16.96,0.87,5.14,6906268,100933046,14.49,15.79,7,BreakoutRetest,15.65,8.4,Extended,2,37.86,9.72,0,19.49,12.36,21.44,1.61,225.4,15.21,17.23,18.24,0.15,0.73,,,,False,8,7,12,14,10,2,5,4,5,67,67,False,Below Threshold
ZS,"Zscaler, Inc.",Technology,226.03,226.03,9.04,4.0,3437126,656041576,185.63,166.0,12,BreakoutRetest,191.25,18.19,Extended,2,15.01,17.46,0,35.77,50.92,31.88,0.88,13.92,186.73,229.0,262.18,0.08,0.92,,,,False,8,12,12,15,4,2,5,4,5,67,67,False,Below Threshold
MTSI,"MACOM Technology Solutions Holdings, Inc.",Technology,326.12,326.12,15.69,4.81,1265138,357768356,283.6,277.26,15,SMA50,273.86,19.08,Extended,2,31.12,28.8,0,17.03,14.94,13.15,0.95,5.55,266.01,330.99,353.54,0.08,0.46,,,,False,7,15,12,14,4,2,5,4,4,67,67,False,Below Threshold
SNPS,"Synopsys, Inc.",Technology,509.64,509.64,20.48,4.02,2229352,967128449,419.84,445.82,7,BreakoutRetest,425.78,19.7,Extended,2,25.78,23.32,1,26.65,18.77,22.76,1.01,5.05,415.54,515.8,519.71,0.07,0.11,,,,False,8,7,14,15,7,2,5,4,5,67,67,False,Below Threshold
VEEA,Veea Inc.,Technology,5.96,5.96,1.03,17.26,16017799,81284496,3.06,8.11,7,BreakoutRetest,4.74,25.74,Extended,2,106.03,44.21,0,280.45,59.85,276.56,27.42,85.11,4.23,6.78,8.88,0.47,1.68,,,,False,7,7,12,15,10,6,5,4,1,67,67,False,Below Threshold
RMBS,Rambus Inc.,Technology,106.37,106.37,5.62,5.28,2328533,218925403,95.49,108.3,10,BreakoutRetest,109.0,-2.41,Broken / Reclaim Needed,2,13.7,8.95,0,20.71,1.44,16.82,1.92,113.04,106.19,108.62,109.0,12.48,14.59,,,,False,8,10,0,10,10,15,5,4,4,66,66,False,Below Threshold
NDAQ,"Nasdaq, Inc.",Financial Services,93.27,93.27,1.99,2.13,3173731,296609041,94.71,90.6,11,SMA50,93.93,-0.7,Support Test / Reclaim,2,3.05,5.83,2,0.68,-4.47,7.18,1.04,1.04,92.05,95.26,96.74,1.63,2.84,,,,False,8,11,16,3,5,11,5,4,3,66,66,False,Below Threshold
AMGN,Amgen Inc.,Healthcare,410.37,410.37,10.59,2.58,2907003,1172813466,411.8,366.55,14,SMA50,410.41,-0.01,Support Test / Reclaim,2,3.44,3.23,1,7.15,7.0,6.06,1.18,-9.49,402.2,415.76,415.79,0.66,0.66,,,,False,8,14,14,11,3,2,5,4,5,66,66,False,Below Threshold
BRZE,"Braze, Inc.",Technology,28.9,28.9,1.42,4.92,2541160,68185211,27.79,24.09,12,BreakoutRetest,26.78,7.94,Extended,2,17.94,12.17,0,19.14,6.84,15.25,1.16,236.38,26.07,30.24,31.9,0.47,1.06,,,,False,7,12,12,12,7,2,5,4,5,66,66,False,Below Threshold
NVAX,"Novavax, Inc.",Healthcare,11.82,11.82,0.99,8.4,6877716,73640760,9.51,9.01,15,BreakoutRetest,10.59,11.66,Extended,2,28.63,29.62,0,23.93,40.07,22.84,1.18,-5.38,10.09,11.97,13.39,0.08,0.9,,,,False,7,15,12,15,3,2,5,4,3,66,66,False,Below Threshold
ILMN,"Illumina, Inc.",Healthcare,266.08,266.08,15.35,5.77,3578664,879388684,226.67,166.21,15,BreakoutRetest,207.0,28.54,Extended,2,25.82,37.04,0,27.28,36.42,26.19,0.38,1.29,199.33,277.95,280.17,0.18,0.21,,,,False,8,15,12,15,2,2,5,4,3,66,66,False,Below Threshold
AXTI,"AXT, Inc.",Technology,70.06,70.06,6.66,9.5,8213475,576308911,71.64,61.95,12,BreakoutRetest,73.16,-4.24,Broken / Reclaim Needed,2,20.85,26.95,0,6.57,50.3,2.68,1.35,-1.01,69.83,70.88,71.49,3.59,6.27,,,,False,9,12,0,14,5,15,4,4,2,65,65,False,Below Threshold
ZM,"Zoom Communications, Inc.",Technology,96.32,96.32,2.58,2.68,2792951,261236215,97.58,91.26,14,BreakoutRetest,96.39,-0.07,Support Test / Reclaim,2,6.44,5.84,1,-0.82,0.22,-4.7,0.85,38.44,94.46,97.58,102.17,0.68,3.15,,,,False,8,14,15,2,4,13,0,4,5,65,65,False,Below Threshold
LRCX,Lam Research Corporation,Technology,319.83,319.83,12.08,3.78,8569732,2612896135,310.71,279.16,15,BreakoutRetest,319.5,0.1,Prime Entry,2,14.65,9.47,0,5.65,-3.79,1.76,1.38,0.28,313.11,323.64,328.14,0.57,1.24,,,,False,9,15,16,7,7,2,3,4,2,65,65,False,Below Threshold
KDNY,"Chinook Therapeutics, Inc.",Healthcare,40.39,40.39,0.16,0.39,1855961,74267646,38.59,26.93,15,Horizontal,38.88,3.9,Buyable,2,4.14,4.17,2,2.23,84.07,1.14,0.93,-17.03,38.1,40.7,41.01,0.14,0.27,,,,False,7,15,17,12,0,2,3,4,5,65,65,False,Below Threshold
HALO,"Halozyme Therapeutics, Inc.",Healthcare,109.81,109.81,3.31,3.02,2233203,247213244,105.63,79.42,15,BreakoutRetest,104.78,4.8,Buyable,2,5.38,10.76,1,0.83,38.18,-0.26,1.58,-16.29,102.68,111.15,114.0,0.19,0.59,,,,False,8,15,17,10,6,2,2,4,1,65,65,False,Below Threshold
ANSS,"ANSYS, Inc.",Technology,374.3,374.3,8.81,2.35,1433765,526789817,347.05,334.91,15,BreakoutRetest,350.7,6.73,Watch for Pullback,2,15.08,14.02,1,9.54,22.19,5.65,0.21,-92.22,343.69,395.49,413.11,0.69,1.27,,,,False,7,15,14,14,0,2,5,4,4,65,65,False,Below Threshold
ADI,"Analog Devices, Inc.",Technology,403.68,403.68,10.61,2.63,3072818,1164533724,380.07,362.96,15,SMA50,374.6,7.76,Extended,2,8.37,12.65,1,4.97,2.65,1.09,1.33,4.2,367.11,408.37,422.67,0.13,0.52,,,,False,8,15,14,7,7,2,3,4,5,65,65,False,Below Threshold
AFRM,"Affirm Holdings, Inc.",Financial Services,79.8,79.8,3.16,3.96,5192455,378735018,73.76,66.81,15,SMA50,73.4,8.72,Extended,2,13.82,9.18,1,10.1,-3.49,16.6,0.99,20.83,71.82,80.65,81.01,0.11,0.15,,,,False,8,15,14,8,4,2,5,4,5,65,65,False,Below Threshold
AMAT,"Applied Materials, Inc.",Technology,509.44,509.44,16.86,3.31,6001690,2821377612,489.99,434.33,15,BreakoutRetest,462.4,10.17,Extended,2,20.9,18.83,0,10.0,-12.62,6.11,1.47,0.57,453.15,547.25,554.08,0.67,0.79,,,,False,9,15,12,7,7,2,5,4,4,65,65,False,Below Threshold
CDNA,"CareDx, Inc",Healthcare,64.28,64.28,4.09,6.37,1343675,78039699,53.06,29.89,15,BreakoutRetest,49.76,29.18,Extended,2,14.94,31.51,0,26.29,55.91,25.2,0.86,1.13,47.71,72.51,80.7,0.5,0.99,,,,False,7,15,12,15,2,2,5,4,3,65,65,False,Below Threshold
TSCO,Tractor Supply Company,Consumer Cyclical,33.23,33.23,0.98,2.95,9583511,315304231,33.67,39.42,6,SMA50,33.4,-0.52,Support Test / Reclaim,2,3.48,4.21,1,-0.94,3.71,1.0,1.19,47.92,32.73,33.99,35.56,1.54,4.71,,,,False,8,6,14,4,7,15,3,4,3,64,64,False,Below Threshold
DXCM,"DexCom, Inc.",Healthcare,84.68,84.68,2.01,2.37,3624900,315527492,87.46,73.51,12,SMA50,84.92,-0.28,Support Test / Reclaim,2,8.56,3.43,0,0.39,5.16,-0.7,1.6,-6.23,83.23,87.7,87.85,2.07,2.17,,,,False,8,12,13,7,6,9,2,4,3,64,64,False,Below Threshold
ON,ON Semiconductor Corporation,Technology,77.7,77.7,3.28,4.23,11003400,825411852,76.43,81.15,7,SMA50,77.36,0.44,Prime Entry,2,18.0,15.34,1,0.45,-15.26,-3.43,1.14,28.93,75.72,84.84,85.55,3.59,3.95,,,,False,9,7,18,3,7,13,0,4,3,64,64,False,Below Threshold
LSCC,Lattice Semiconductor Corporation,Technology,123.66,123.66,5.21,4.22,1677968,200892321,121.72,113.8,15,SMA50,121.62,1.68,Prime Entry,2,17.62,12.09,1,1.66,-4.11,-2.23,1.44,9.99,119.01,126.35,127.95,0.58,0.92,,,,False,7,15,18,3,9,2,2,4,4,64,64,False,Below Threshold
RDFN,Redfin Corporation,Real Estate,11.19,11.19,0.45,4.07,6903425,72740670,10.02,9.61,15,BreakoutRetest,10.77,3.9,Buyable,2,11.07,9.63,0,12.58,5.41,19.31,0.65,-42.55,10.54,11.4,11.48,0.32,0.45,,,,False,7,15,15,12,0,2,5,4,4,64,64,False,Below Threshold
TEM,"Tempus AI, Inc.",Healthcare,69.98,69.98,5.88,8.41,7156643,520585172,65.59,56.65,15,BreakoutRetest,63.11,10.89,Extended,2,34.3,49.76,0,16.99,27.15,15.9,1.0,-11.12,60.17,71.89,72.96,0.19,0.3,,,,False,9,15,12,15,0,2,5,4,2,64,64,False,Below Threshold
AUGO,Aura Minerals,Basic Materials,89.22,89.22,4.57,5.12,1023726,87137673,81.29,73.67,15,SMA50,78.94,13.03,Extended,2,16.06,11.06,0,0.86,74.09,5.45,0.81,12.15,76.65,90.19,90.64,0.08,0.11,,,,False,7,15,12,10,4,2,5,4,5,64,64,False,Below Threshold
NTRA,"Natera, Inc.",Healthcare,396.28,396.28,17.79,4.49,1622239,613235071,345.33,253.37,15,BreakoutRetest,333.56,18.8,Extended,2,22.02,27.58,0,18.87,43.43,17.78,0.97,-13.93,324.66,427.47,437.41,0.44,0.57,,,,False,7,15,12,15,0,2,5,4,4,64,64,False,Below Threshold
NWSA,News Corporation,Communication Services,29.3,29.3,0.73,2.48,4271125,125977816,29.45,26.63,14,SMA50,29.33,-0.12,Support Test / Reclaim,2,4.91,3.07,2,-2.09,-1.33,0.57,0.66,13.61,28.74,30.7,30.88,2.55,2.88,,,,False,8,14,16,0,4,11,3,4,3,63,63,False,Below Threshold
AMZN,"Amazon.com, Inc.",Consumer Cyclical,259.13,259.13,5.41,2.09,34633084,8785172171,259.03,242.14,15,BreakoutRetest,258.08,0.41,Prime Entry,2,3.49,3.61,2,-0.69,0.26,1.26,0.93,14.98,252.92,263.89,264.5,0.77,0.86,,,,False,10,15,18,2,4,2,3,4,5,63,63,False,Below Threshold
NTLA,"Intellia Therapeutics, Inc.",Healthcare,12.38,12.38,0.79,6.36,4756813,58190245,12.17,12.93,10,BreakoutRetest,12.31,0.57,Prime Entry,2,11.56,9.86,1,3.85,0.95,2.76,1.12,3519.57,11.92,12.54,12.87,0.34,1.06,,,,False,7,10,18,7,7,2,4,4,4,63,63,False,Below Threshold
TENB,"Tenable Holdings, Inc.",Technology,39.94,39.94,1.74,4.35,4946739,175848372,35.85,27.26,15,BreakoutRetest,36.87,8.34,Extended,2,14.81,8.94,0,31.06,-3.0,27.18,0.91,44.94,36.0,42.94,43.67,0.76,0.94,,,,False,8,15,12,8,4,2,5,4,5,63,63,False,Below Threshold
TXG,"10x Genomics, Inc.",Healthcare,81.69,81.69,7.88,9.65,3409232,264365128,68.37,36.41,15,BreakoutRetest,66.94,22.03,Extended,2,30.2,38.96,0,17.5,80.22,16.41,0.63,-0.66,63.0,95.16,102.81,0.72,1.13,,,,False,8,15,12,15,0,2,5,4,2,63,63,False,Below Threshold
GILD,"Gilead Sciences, Inc.",Healthcare,149.08,149.08,3.44,2.31,5448722,809044901,144.67,137.31,15,SMA50,143.61,3.81,Buyable,2,4.27,3.66,2,2.13,5.94,1.04,0.79,-12.08,140.74,150.77,152.55,0.2,0.42,,,,False,9,15,17,9,0,2,3,4,3,62,62,False,Below Threshold
DUOL,"Duolingo, Inc.",Technology,150.04,150.04,5.79,3.86,1054364,156223728,144.03,126.5,12,SMA50,142.2,5.51,Watch for Pullback,2,8.31,7.75,2,2.83,12.93,-1.06,1.12,2.57,139.3,153.0,153.56,0.28,0.33,,,,False,7,12,16,11,5,2,2,4,3,62,62,False,Below Threshold
TW,Tradeweb Markets Inc.,Financial Services,110.98,110.98,2.9,2.62,1281258,132982784,104.25,108.38,7,SMA50,103.5,7.23,Extended,2,11.96,10.98,1,7.8,6.24,14.3,1.04,25.87,101.43,113.39,117.45,0.25,0.68,,,,False,7,7,14,11,7,2,5,4,5,62,62,False,Below Threshold
CLMT,Calumet Inc.,Basic Materials,57.6,57.6,2.26,3.93,1436183,78965987,51.35,36.01,15,BreakoutRetest,51.5,11.84,Extended,2,12.13,11.96,1,-0.19,36.78,4.4,0.85,16.18,50.37,58.4,59.87,0.11,0.31,,,,False,7,15,14,7,4,2,4,4,5,62,62,False,Below Threshold
SDGR,"Schrödinger, Inc.",Technology,26.47,26.47,2.31,8.75,2588199,72127637,22.62,16.22,15,BreakoutRetest,20.48,29.23,Extended,2,60.03,67.68,0,37.55,66.22,33.66,0.85,-60.13,19.32,31.59,32.45,0.72,0.84,,,,False,7,15,12,15,0,2,5,4,2,62,62,False,Below Threshold
CTSH,Cognizant Technology Solutions Corporation,Technology,59.4,59.4,2.42,4.07,6392421,384631808,59.66,60.32,6,SMA50,59.34,0.1,Prime Entry,2,4.31,9.8,2,-2.6,29.87,-6.48,1.26,27.55,58.14,60.09,61.64,0.54,1.76,,,,False,8,6,19,7,9,6,0,4,2,61,61,False,Below Threshold
BRKR,Bruker Corporation,Healthcare,58.76,58.76,3.25,5.53,2218811,132521985,58.72,49.66,15,SMA50,58.45,0.52,Prime Entry,2,18.32,5.81,1,8.37,-4.27,7.28,0.88,-12.27,56.82,59.52,59.74,0.4,0.51,,,,False,8,15,18,7,0,2,5,4,2,61,61,False,Below Threshold
ADSK,"Autodesk, Inc.",Technology,235.69,235.69,7.26,3.08,2244146,500771334,233.49,237.32,7,SMA50,233.0,1.15,Prime Entry,2,6.27,7.62,1,9.36,5.15,5.48,0.81,118.63,228.34,241.46,241.99,0.79,0.86,,,,False,8,7,17,11,4,2,5,4,3,61,61,False,Below Threshold
HAS,"Hasbro, Inc.",Consumer Cyclical,93.14,93.14,2.34,2.51,1602999,144016238,91.88,90.63,15,SMA50,92.01,1.23,Prime Entry,2,7.5,3.1,1,0.15,10.02,2.09,0.9,-3.06,90.17,94.08,94.13,0.32,0.33,,,,False,7,15,17,9,0,2,4,4,3,61,61,False,Below Threshold
CME,CME Group Inc.,Financial Services,280.08,280.08,6.37,2.27,1852731,508205910,271.79,278.48,7,BreakoutRetest,274.0,2.22,Buyable,2,3.8,5.19,2,0.05,10.29,6.55,1.14,23.36,268.52,289.9,292.33,0.85,1.06,,,,False,7,7,17,9,7,2,5,4,3,61,61,False,Below Threshold
SGEN,Seagen Inc.,Healthcare,228.74,228.74,1.42,0.62,1872709,417420269,217.18,204.3,15,BreakoutRetest,217.51,5.16,Watch for Pullback,2,7.66,4.94,1,5.06,4.34,3.97,0.79,-26.49,213.16,231.59,234.43,0.18,0.37,,,,False,7,15,13,11,0,2,4,4,5,61,61,False,Below Threshold
BWIN,"The Baldwin Insurance Group, Inc.",Financial Services,31.86,31.86,0.11,0.34,4044062,128732925,30.86,24.59,15,BreakoutRetest,30.04,6.04,Watch for Pullback,2,10.81,13.5,0,5.84,12.4,12.34,0.66,-164.72,29.44,32.57,32.59,0.3,0.3,,,,False,8,15,12,13,0,2,5,4,2,61,61,False,Below Threshold
COMM,"CommScope Holding Company, Inc.",Technology,19.58,19.58,0.65,3.3,3642342,68803555,18.17,12.09,15,BreakoutRetest,17.98,8.9,Extended,2,11.83,15.95,2,-0.88,22.97,-4.77,1.05,3.19,17.62,19.99,20.1,0.21,0.27,,,,False,7,15,16,7,5,2,0,4,5,61,61,False,Below Threshold
HA,"Hawaiian Holdings, Inc.",Industrials,18.0,18.0,0.3,1.65,3273694,55515714,15.12,13.86,15,BreakoutRetest,12.97,38.78,Extended,2,44.07,51.06,0,0.21,40.68,4.01,0.92,19.49,12.71,18.6,19.19,0.11,0.23,,,,False,7,15,12,10,4,2,4,4,3,61,61,False,Below Threshold
IOVA,"Iovance Biotherapeutics, Inc.",Healthcare,13.84,13.84,1.05,7.6,16252251,185563177,9.14,5.01,15,,,,No Valid Support,0,,,0,59.33,193.56,58.24,1.56,37.31,,,,,,,,,False,8,15,0,15,10,0,5,4,4,61,61,False,Below Threshold
ALAB,"Astera Labs, Inc. Common Stock",Technology,335.93,335.93,24.37,7.26,4065486,1317225457,317.33,246.33,15,Horizontal,342.1,-1.8,Broken / Reclaim Needed,2,17.47,17.4,0,13.75,1.63,9.86,1.16,-4.49,329.91,342.3,354.0,1.06,3.0,,,,False,8,15,0,10,3,13,5,4,2,60,60,False,Below Threshold
CGNX,Cognex Corporation,Technology,61.7,61.7,2.31,3.74,1575966,96328964,62.21,56.42,14,SMA50,62.31,-0.98,Support Test / Reclaim,2,7.16,10.3,1,-5.52,-6.86,-9.41,0.71,5.73,61.07,63.21,63.35,2.37,2.59,,,,False,7,14,16,0,4,11,0,4,4,60,60,False,Below Threshold
COST,Costco Wholesale Corporation,Consumer Defensive,946.64,946.64,15.46,1.63,2198145,2012982744,931.42,963.47,7,SMA50,933.19,1.44,Prime Entry,2,4.72,4.21,1,3.03,-3.32,4.75,1.27,22.12,914.53,964.33,966.14,0.55,0.61,,,,False,8,7,16,5,9,2,4,4,5,60,60,False,Below Threshold
SSRM,SSR Mining Inc.,Basic Materials,35.24,35.24,1.53,4.35,2295741,82077908,34.55,29.73,15,SMA50,33.85,4.11,Buyable,2,7.52,6.0,1,-4.36,32.68,0.23,0.97,2.96,33.08,36.28,36.52,0.48,0.59,,,,False,7,15,16,7,2,2,3,4,4,60,60,False,Below Threshold
TTAN,"ServiceTitan, Inc.",Technology,72.99,72.99,3.68,5.04,3518688,220440069,77.71,74.23,5,BreakoutRetest,69.5,5.02,Watch for Pullback,2,12.96,12.24,0,31.88,-6.77,27.99,1.01,114.45,67.66,78.43,81.35,1.02,1.57,,,,False,8,5,12,8,7,6,5,4,5,60,60,False,Below Threshold
ISRG,"Intuitive Surgical, Inc.",Healthcare,422.56,422.56,10.87,2.57,2196892,849537707,386.07,443.41,7,Horizontal,390.52,8.21,Extended,2,9.09,9.87,1,12.87,1.59,11.78,1.31,-8.71,382.7,430.85,443.84,0.21,0.53,,,,False,8,7,14,10,5,2,5,4,5,60,60,False,Below Threshold
CDNS,"Cadence Design Systems, Inc.",Technology,351.44,351.44,12.05,3.43,2453883,760989647,320.48,326.64,7,SMA50,318.67,10.28,Extended,2,18.58,15.26,1,19.85,-7.06,15.96,1.13,31.97,312.3,355.59,361.91,0.11,0.27,,,,False,8,7,14,8,7,2,5,4,5,60,60,False,Below Threshold
ATNF,ETHZilla Corporation Common Stock,Healthcare,7.04,7.04,2.17,30.76,16966615,130953257,2.27,1.76,15,,,,No Valid Support,0,,,0,272.87,508.74,271.78,5.49,101.34,,,,,,,,,False,8,15,0,15,10,0,5,4,3,60,60,False,Below Threshold
SRM,"SRM Entertainment, Inc.",Consumer Cyclical,11.0,11.0,1.56,14.16,16268893,147581774,3.93,1.4,15,,,,No Valid Support,0,,,0,40.7,3476.13,42.65,2.01,6.27,,,,,,,,,False,8,15,0,15,10,0,5,4,3,60,60,False,Below Threshold
CHK,Chesapeake Energy Corporation,Energy,85.73,85.73,1.79,2.08,2850188,237673875,79.15,82.18,10,BreakoutRetest,85.33,0.47,Prime Entry,2,4.08,3.77,0,3.64,17.14,4.44,0.98,-9.82,83.62,87.95,88.17,1.05,1.16,,,,False,8,10,14,12,0,2,4,4,5,59,59,False,Below Threshold
MAR,"Marriott International, Inc.",Consumer Cyclical,363.87,363.87,6.77,1.86,1456792,501166144,349.92,350.64,7,SMA50,352.33,3.28,Buyable,2,4.23,3.46,1,7.12,-5.4,9.06,1.25,2.5,345.28,370.0,371.51,0.33,0.41,,,,False,7,7,15,7,7,2,5,4,5,59,59,False,Below Threshold
AAOI,"Applied Optoelectronics, Inc.",Technology,110.11,110.11,9.17,8.33,7844816,841619562,113.9,110.96,11,Horizontal,93.81,17.38,Extended,2,17.81,40.09,0,2.91,6.41,-0.98,1.04,31.88,89.22,116.9,118.75,0.33,0.41,,,,False,9,11,12,9,7,2,2,4,3,59,59,False,Below Threshold
KOD,Kodiak Sciences Inc.,Healthcare,97.48,97.48,10.39,10.66,2700490,214117177,48.91,37.31,15,,,,No Valid Support,0,,,0,194.78,132.88,193.69,4.09,11.27,,,,,,,,,False,8,15,0,15,10,0,5,4,2,59,59,False,Below Threshold
OKTA,"Okta, Inc.",Technology,224.65,224.65,9.06,4.03,3669604,697088691,172.96,115.38,15,,,,No Valid Support,0,,,0,33.32,48.62,29.43,1.0,16.4,,,,,,,,,False,8,15,0,15,7,0,5,4,5,59,59,False,Below Threshold
SSNC,"SS&C Technologies Holdings, Inc.",Technology,80.83,80.83,1.63,2.02,1482087,119017659,80.49,74.56,12,SMA50,80.15,0.85,Prime Entry,2,4.82,5.02,2,-0.9,11.11,-4.78,0.69,48.93,78.55,82.06,82.15,0.54,0.58,,,,False,7,12,18,6,4,2,0,4,5,58,58,False,Below Threshold
GH,"Guardant Health, Inc.",Healthcare,166.33,166.33,7.83,4.7,1833969,314288533,167.84,125.74,14,SMA50,163.7,1.61,Prime Entry,2,17.8,5.69,0,4.09,3.87,3.0,0.79,-1.91,159.79,168.97,170.87,0.4,0.69,,,,False,7,14,16,9,0,2,4,4,2,58,58,False,Below Threshold
FAST,Fastenal Company,Industrials,50.48,50.48,0.92,1.82,6585395,327463553,50.19,46.44,15,SMA50,49.36,2.28,Buyable,2,3.71,3.07,1,0.76,4.74,4.56,0.88,-3.09,48.37,51.39,51.41,0.43,0.44,,,,False,8,15,15,7,0,2,4,4,3,58,58,False,Below Threshold
TRMB,Trimble Inc.,Technology,60.1,60.1,1.56,2.6,3166845,186489349,58.59,62.16,7,SMA50,58.39,2.93,Buyable,2,7.52,3.45,1,2.63,8.38,-1.26,1.19,-2.29,57.22,61.0,61.11,0.31,0.35,,,,False,8,7,16,11,3,2,2,4,5,58,58,False,Below Threshold
URBN,"Urban Outfitters, Inc.",Consumer Cyclical,81.01,81.01,2.21,2.73,1056896,82396580,77.56,72.25,12,SMA50,76.94,5.29,Watch for Pullback,2,9.26,4.68,1,1.49,3.97,3.44,0.86,39.44,75.4,82.34,82.74,0.24,0.31,,,,False,7,12,13,7,4,2,4,4,5,58,58,False,Below Threshold
INTC,Intel Corp.,Technology,106.34,106.34,5.44,5.11,100693254,10996244911,103.11,83.04,15,SMA50,98.11,8.39,Extended,2,28.29,32.03,0,1.71,6.22,-2.18,1.27,-12.44,95.39,107.57,109.61,0.11,0.3,,,,False,10,15,12,7,5,2,2,4,0,57,57,False,Below Threshold
RARE,Ultragenyx Pharmaceutical Inc.,Healthcare,15.39,15.39,0.83,5.41,5993729,92692203,20.06,23.61,0,Horizontal,14.1,9.19,Extended,2,10.91,11.15,0,6.03,-52.51,4.93,1.42,10.61,13.68,16.12,20.45,0.43,2.96,,,,False,7,0,12,7,9,11,4,4,3,57,57,False,Below Threshold
TSLA,"Tesla, Inc.",Consumer Cyclical,387.22,387.22,11.03,2.85,37749849,13827478826,354.84,390.63,7,SMA50,349.75,10.71,Extended,2,9.26,12.34,1,4.36,-4.42,6.31,1.02,3.99,342.76,396.23,406.59,0.2,0.44,,,,False,10,7,14,5,5,2,5,4,5,57,57,False,Below Threshold
AAPL,Apple Inc.,Technology,333.57,333.57,6.46,1.94,39896774,13180381443,322.33,290.73,15,BreakoutRetest,334.99,-0.42,Support Test / Reclaim,2,3.92,3.32,0,-1.21,-3.34,-5.1,0.98,3.81,328.29,342.99,344.57,1.78,2.08,,,,False,10,15,12,0,2,9,0,4,4,56,56,False,Below Threshold
ATAI,Atai Beckley Inc.,Healthcare,7.35,7.35,0.08,1.05,11242909,82017781,6.9,4.74,15,BreakoutRetest,7.22,1.8,Prime Entry,2,3.33,3.04,0,-0.22,74.1,-1.31,0.44,-18.94,7.08,7.43,7.44,0.29,0.33,,,,False,7,15,14,7,0,2,2,4,5,56,56,False,Below Threshold
LYFT,"Lyft, Inc.",Technology,16.2,16.2,0.45,2.8,9445187,148537226,16.27,15.32,11,BreakoutRetest,15.88,2.05,Buyable,2,6.61,6.26,0,4.18,-2.03,0.29,0.79,8.61,15.56,16.52,16.8,0.49,0.93,,,,False,8,11,14,5,4,2,3,4,5,56,56,False,Below Threshold
EBAY,eBay Inc.,Consumer Cyclical,111.71,111.71,2.91,2.6,4559931,490948855,106.85,101.69,12,SMA50,107.08,4.32,Buyable,2,6.82,5.43,1,2.07,-2.72,4.02,0.72,2.65,104.94,113.63,115.02,0.28,0.49,,,,False,8,12,16,5,2,2,4,4,3,56,56,False,Below Threshold
CEG,Constellation Energy Corporation,Utilities,294.58,294.58,14.36,4.88,3533693,978221327,273.91,286.12,7,SMA50,271.83,8.37,Extended,2,18.6,20.22,1,1.85,13.56,6.47,0.91,3.22,264.65,305.76,305.8,0.37,0.38,,,,False,8,7,14,9,2,2,5,4,5,56,56,False,Below Threshold
PURR,Hyperliquid Strategies Inc Common Stock,Financial Services,11.34,11.34,0.87,7.65,22489154,279951812,10.65,7.19,12,BreakoutRetest,11.62,-2.45,Broken / Reclaim Needed,2,36.29,11.44,0,-3.97,63.75,2.53,1.21,-13.33,11.19,11.62,12.74,1.92,9.45,,,,False,8,12,0,7,5,15,4,4,0,55,55,False,Below Threshold
AVT,"Avnet, Inc.",Technology,98.48,98.48,3.77,3.83,1294376,126089601,95.28,77.82,15,BreakoutRetest,100.0,-1.53,Broken / Reclaim Needed,2,8.4,10.23,0,-2.76,12.74,-6.65,1.31,3.61,98.0,99.92,100.0,3.04,3.21,,,,False,7,15,0,6,7,13,0,4,3,55,55,False,Below Threshold
DBX,"Dropbox, Inc.",Technology,34.3,34.3,1.3,3.8,4349141,150868941,34.57,28.33,14,SMA50,34.29,0.03,Prime Entry,2,6.94,4.3,1,-5.13,9.22,-9.02,0.76,59.88,33.61,34.65,34.68,0.5,0.54,,,,False,8,14,17,6,4,2,0,4,0,55,55,False,Below Threshold
FRPT,"Freshpet, Inc.",Consumer Defensive,64.47,64.47,2.03,3.15,1058861,67153383,66.25,63.59,9,BreakoutRetest,62.73,2.78,Buyable,2,4.14,6.88,0,-0.45,9.82,1.27,1.18,27.94,61.48,66.55,67.23,0.69,0.92,,,,False,7,9,14,6,7,2,3,4,3,55,55,False,Below Threshold
BIIB,Biogen Inc.,Healthcare,221.89,221.89,5.79,2.61,1002678,221684230,216.97,196.42,15,Horizontal,214.06,3.65,Buyable,2,7.94,7.41,2,0.58,2.77,-0.51,0.77,-17.47,209.78,225.8,228.0,0.32,0.51,,,,False,7,15,18,5,0,2,2,4,2,55,55,False,Below Threshold
TROW,"T. Rowe Price Group, Inc.",Financial Services,105.08,105.08,1.96,1.86,1544481,163294868,108.6,103.89,9,BreakoutRetest,105.95,-0.82,Support Test / Reclaim,2,3.91,3.07,0,-2.73,-15.03,3.77,1.02,146.3,103.83,106.93,107.01,1.47,1.54,,,,False,7,9,12,0,7,6,4,4,5,54,54,False,Below Threshold
KDP,Keurig Dr Pepper Inc.,Consumer Defensive,31.22,31.22,0.87,2.8,10172373,319458099,31.27,29.5,14,SMA50,31.25,-0.1,Support Test / Reclaim,2,4.59,4.04,1,-2.15,-3.96,-0.43,1.09,173.51,30.62,31.71,31.82,0.83,1.02,,,,False,8,14,14,0,7,2,2,4,3,54,54,False,Below Threshold
CTAS,Cintas Corporation,Industrials,201.65,201.65,3.83,1.9,1869346,370684987,200.41,188.32,12,SMA50,200.29,0.68,Prime Entry,2,3.72,3.16,1,-1.53,-5.67,2.27,0.79,1851.1,196.28,204.62,205.88,0.55,0.79,,,,False,7,12,16,0,4,2,4,4,5,54,54,False,Below Threshold
PTEN,"Patterson-UTI Energy, Inc.",Energy,11.52,11.52,0.42,3.63,7853488,93721610,11.6,10.16,14,SMA50,11.44,0.74,Prime Entry,2,8.27,5.15,1,-11.91,16.12,-11.12,0.81,1.66,11.21,11.75,11.78,0.72,0.81,,,,False,7,14,17,7,2,2,0,4,1,54,54,False,Below Threshold
VCYT,"Veracyte, Inc.",Healthcare,45.23,45.23,2.82,6.23,1384296,60284470,43.76,42.56,9,SMA50,44.62,1.36,Prime Entry,2,9.98,9.05,0,9.07,-27.06,7.98,0.85,-1.03,43.21,45.99,46.0,0.38,0.38,,,,False,7,9,16,7,0,2,5,4,4,54,54,False,Below Threshold
VTRS,Viatris Inc.,Healthcare,17.26,17.26,0.5,2.89,8631133,148361476,16.93,15.46,15,SMA50,16.9,2.18,Buyable,2,8.48,4.21,1,2.97,-3.81,1.88,0.91,-14.93,16.56,17.53,17.68,0.38,0.59,,,,False,8,15,16,5,0,2,3,4,1,54,54,False,Below Threshold
MTCH,"Match Group, Inc.",Communication Services,41.64,41.64,1.08,2.58,3278253,136786394,40.6,35.69,15,SMA50,40.41,3.05,Buyable,2,5.25,4.67,1,-3.36,-0.08,-0.69,0.73,76.3,39.6,42.49,43.47,0.41,0.9,,,,False,8,15,15,0,4,2,2,4,4,54,54,False,Below Threshold
PYPL,"PayPal Holdings, Inc.",Financial Services,55.64,55.64,1.5,2.7,12751991,684115766,56.27,50.12,8,Horizontal,52.36,6.24,Watch for Pullback,2,6.46,6.2,0,1.96,-5.37,8.46,1.02,23.03,51.32,56.96,57.67,0.31,0.47,,,,False,9,8,11,3,7,2,5,4,5,54,54,False,Below Threshold
NAVN,"Navan, Inc.",Technology,22.88,22.88,1.01,4.41,4163369,92616689,25.26,18.79,9,BreakoutRetest,19.99,14.45,Extended,2,15.52,24.16,0,7.24,-14.76,3.35,0.99,17.87,19.49,23.53,24.5,0.19,0.48,,,,False,7,9,12,7,4,2,4,4,5,54,54,False,Below Threshold
AAON,"AAON, Inc.",Industrials,86.02,86.02,4.4,5.12,1082082,87152372,82.5,98.09,4,SMA50,83.58,2.92,Buyable,2,8.78,9.97,1,6.2,-27.45,9.99,1.05,-32.36,81.38,88.17,89.31,0.46,0.71,,,,False,7,4,17,7,3,2,5,4,4,53,53,False,Below Threshold
WMG,Warner Music Group Corp.,Communication Services,29.36,29.36,0.85,2.91,2014835,56362000,27.39,28.57,7,SMA50,27.36,7.32,Extended,2,9.01,7.18,1,2.03,-0.6,4.7,1.16,9.18,26.81,29.67,29.87,0.12,0.2,,,,False,7,7,14,5,7,2,4,4,3,53,53,False,Below Threshold
RKLB,"Rocket Lab USA, Inc.",Industrials,67.98,67.98,3.92,5.76,20153584,1370501900,70.53,81.61,6,SMA50,69.51,-2.19,Broken / Reclaim Needed,2,13.58,12.8,2,6.39,-2.5,10.19,1.17,-2.92,67.55,72.74,72.94,10.98,11.44,,,,False,10,6,0,7,3,15,5,4,2,52,52,False,Below Threshold
PDCE,"PDC Energy, Inc.",Energy,73.85,73.85,0.0,0.0,1141263,84375630,72.61,68.25,15,BreakoutRetest,72.83,1.4,Prime Entry,2,4.75,3.08,1,-1.32,4.18,-0.52,0.72,0.0,71.37,75.56,76.0,0.69,0.87,,,,False,7,15,16,4,0,2,2,4,2,52,52,False,Below Threshold
WMT,Walmart Inc.,Consumer Defensive,110.77,110.77,2.3,2.08,21921108,2343119773,108.49,118.17,4,SMA50,108.92,1.69,Prime Entry,2,3.95,3.83,1,1.78,-7.07,3.5,0.74,56.69,106.75,113.29,114.56,0.63,0.94,,,,False,10,4,16,3,4,2,4,4,5,52,52,False,Below Threshold
SOLS,Solstice Advanced Materials Inc.,Basic Materials,60.94,60.94,1.97,3.23,2682718,161945557,59.68,69.42,7,SMA50,59.67,2.14,Buyable,2,6.14,5.24,1,-2.55,1.21,2.04,0.89,118.69,58.47,62.52,63.68,0.64,1.11,,,,False,8,7,16,2,4,2,4,4,5,52,52,False,Below Threshold
CDEV,Permian Resources Corporation,Energy,7.62,7.62,0.48,6.23,7860309,56255695,6.67,7.42,7,SMA50,6.87,10.84,Extended,2,25.74,34.6,0,22.91,-23.81,23.7,0.78,30.3,6.64,7.77,8.01,0.15,0.4,,,,False,7,7,12,8,4,2,5,4,3,52,52,False,Below Threshold
ONB,Old National Bancorp,Financial Services,24.54,24.54,0.51,2.09,4378918,110377928,25.75,24.46,9,Horizontal,24.75,-0.86,Support Test / Reclaim,2,3.55,3.56,0,-5.98,-13.53,0.52,1.01,-91.74,24.26,24.87,25.3,1.19,2.71,,,,False,8,9,12,0,3,11,3,4,1,51,51,False,Below Threshold
GFS,GLOBALFOUNDRIES Inc.,Technology,47.73,47.73,1.99,4.16,3908603,182588786,47.92,54.55,6,SMA50,48.0,-0.55,Support Test / Reclaim,2,8.32,6.75,1,0.06,-21.48,-3.83,1.29,28.37,47.0,48.25,48.57,0.71,1.15,,,,False,8,6,15,3,9,2,0,4,4,51,51,False,Below Threshold
NLOK,NortonLifeLock Inc.,Technology,21.66,21.66,0.6,2.77,4876593,104357989,21.63,24.49,4,SMA50,21.72,-0.26,Support Test / Reclaim,2,5.4,3.87,1,2.63,-13.9,-1.25,0.61,-276.24,21.28,22.42,22.79,2.02,2.98,,,,False,8,4,14,5,0,11,2,4,3,51,51,False,Below Threshold
ADP,"Automatic Data Processing, Inc.",Technology,270.76,270.76,5.84,2.16,2043566,551972613,271.78,238.09,14,SMA50,270.82,-0.02,Support Test / Reclaim,2,3.99,3.6,1,-0.67,2.1,-4.56,0.52,5.69,265.4,275.27,275.56,0.84,0.9,,,,False,8,14,14,2,4,2,0,4,3,51,51,False,Below Threshold
WDAY,"Workday, Inc.",Technology,188.6,188.6,6.29,3.34,2682423,519478061,189.24,156.49,11,SMA50,186.23,1.27,Prime Entry,2,4.53,3.96,0,-0.04,26.25,-3.93,0.93,11.58,182.51,195.75,195.92,1.17,1.2,,,,False,8,11,14,7,4,2,0,4,1,51,51,False,Below Threshold
INDV,Indivior Pharmaceuticals Inc,Healthcare,35.8,35.8,0.95,2.65,1981909,69887627,36.37,35.74,11,Horizontal,35.34,1.3,Prime Entry,2,4.57,3.12,0,2.2,-15.24,1.11,0.85,-2.82,34.63,36.9,37.05,0.94,1.07,,,,False,7,11,14,5,0,2,3,4,5,51,51,False,Below Threshold
FLEX,Flex Ltd.,Technology,116.15,116.15,5.2,4.47,2991601,333690139,114.61,100.96,12,SMA50,114.57,1.38,Prime Entry,2,11.16,5.56,1,-1.28,-7.54,-5.17,0.66,1.36,111.97,117.68,120.76,0.37,1.1,,,,False,8,12,18,0,2,2,0,4,5,51,51,False,Below Threshold
TGTX,"TG Therapeutics, Inc.",Healthcare,54.63,54.63,2.15,3.94,1770944,98185363,53.57,41.88,12,SMA50,53.57,1.97,Prime Entry,2,12.23,7.75,1,-0.23,-3.98,-1.32,1.07,-6.31,52.5,56.74,56.78,0.99,1.01,,,,False,7,12,18,0,3,2,2,4,3,51,51,False,Below Threshold
ABNB,"Airbnb, Inc.",Consumer Cyclical,164.68,164.68,5.46,3.31,4648933,772995217,171.01,144.2,12,BreakoutRetest,156.5,5.23,Watch for Pullback,2,7.1,4.6,0,-4.84,7.98,-2.89,0.92,12.28,153.37,169.6,173.51,0.44,0.78,,,,False,8,12,11,4,4,2,2,4,4,51,51,False,Below Threshold
COIN,"Coinbase Global, Inc.",Financial Services,180.35,180.35,9.4,5.21,9195737,1697623734,174.58,183.79,7,SMA50,169.95,6.12,Watch for Pullback,2,29.25,5.86,0,1.3,8.94,7.8,1.03,-303.19,165.25,186.39,189.57,0.4,0.61,,,,False,9,7,12,9,3,2,5,4,0,51,51,False,Below Threshold
ECHO,EchoStar Corporation,Communication Services,95.52,95.52,3.35,3.51,3357269,311433050,90.6,108.55,10,SMA50,89.58,6.63,Watch for Pullback,2,13.75,15.04,1,0.95,0.91,3.62,0.97,3.05,87.79,96.92,100.9,0.18,0.7,,,,False,8,10,14,5,2,2,4,4,2,51,51,False,Below Threshold
ATRC,"AtriCure, Inc.",Healthcare,54.58,54.58,2.62,4.79,1350608,75627773,50.66,36.67,15,BreakoutRetest,49.88,9.42,Extended,2,15.86,20.29,0,-1.53,49.78,-2.62,0.56,-50.18,48.57,55.72,59.88,0.19,0.88,,,,False,7,15,12,7,0,2,2,4,2,51,51,False,Below Threshold
ALPN,"Alpine Immune Sciences, Inc.",Healthcare,64.97,64.97,0.08,0.13,3517845,218928738,53.07,26.53,15,,,,No Valid Support,0,,,0,-1.0,88.1,-2.09,1.66,12.97,,,,,,,,,False,8,15,0,7,10,0,2,4,5,51,51,False,Below Threshold
ASST,"Strive, Inc.",Financial Services,28.42,28.42,1.59,5.6,9166743,254603935,22.71,15.82,15,,,,No Valid Support,0,,,0,1.3,140.51,7.8,1.06,12.24,,,,,,,,,False,8,15,0,10,7,0,5,4,2,51,51,False,Below Threshold
NARI,"Inari Medical, Inc.",Healthcare,79.97,79.97,0.1,0.13,3566879,277050378,69.05,52.77,15,,,,No Valid Support,0,,,0,-1.01,53.46,-2.1,1.51,83.95,,,,,,,,,False,8,15,0,7,10,0,2,4,5,51,51,False,Below Threshold
SYM,Symbotic Inc.,Industrials,42.94,42.94,1.57,3.65,1587323,67367122,42.27,50.04,7,SMA50,42.16,1.85,Prime Entry,2,5.6,4.15,2,0.32,-1.15,4.12,0.96,1.15,41.32,43.88,44.01,0.58,0.66,,,,False,7,7,18,3,2,2,4,4,3,50,50,False,Below Threshold
PEGA,Pegasystems Inc.,Technology,35.28,35.28,1.25,3.55,2076897,74167440,34.41,38.91,7,SMA50,34.15,3.31,Buyable,2,6.14,5.43,1,-4.24,3.75,-8.12,0.93,87.98,33.47,37.89,38.09,1.44,1.55,,,,False,7,7,16,4,4,6,0,4,2,50,50,False,Below Threshold
ASO,"Academy Sports and Outdoors, Inc.",Consumer Cyclical,52.44,52.44,1.72,3.27,1922683,94785725,48.17,52.4,7,SMA50,47.81,9.68,Extended,2,13.36,12.84,2,-6.88,4.43,-4.94,1.01,41.36,46.85,53.27,53.71,0.15,0.23,,,,False,7,7,16,4,7,2,0,4,3,50,50,False,Below Threshold
CHYM,"Chime Financial, Inc. Class A Common Stock",Technology,29.32,29.32,1.04,3.55,6668089,205197582,30.33,23.57,12,Horizontal,26.04,12.58,Extended,2,14.22,13.13,0,-12.75,30.26,-16.64,0.52,444.28,25.52,33.41,33.74,1.08,1.16,,,,False,8,12,12,7,4,2,0,4,1,50,50,False,Below Threshold
ABMD,"Abiomed, Inc.",Healthcare,381.02,381.02,0.95,0.25,1944004,736795805,348.85,292.0,15,,,,No Valid Support,0,,,0,-0.82,49.61,-1.91,3.57,173.87,,,,,,,,,False,7,15,0,7,10,0,2,4,5,50,50,False,Below Threshold
ACLX,"Arcellx, Inc.",Healthcare,115.07,115.07,0.09,0.08,1892158,217450308,112.63,84.18,15,,,,No Valid Support,0,,,0,-1.32,62.23,-2.41,2.25,28.22,,,,,,,,,False,7,15,0,7,10,0,2,4,5,50,50,False,Below Threshold
AKRO,"Akero Therapeutics, Inc.",Healthcare,54.65,54.65,0.19,0.35,2492441,135644319,53.06,48.19,15,,,,No Valid Support,0,,,0,-0.66,24.1,-1.75,1.45,26.78,,,,,,,,,False,8,15,0,7,9,0,2,4,5,50,50,False,Below Threshold
CRNX,"Crinetics Pharmaceuticals, Inc.",Healthcare,84.95,84.95,0.1,0.12,2427330,204672131,76.81,50.87,15,,,,No Valid Support,0,,,0,-0.47,150.3,-1.56,1.31,12.25,,,,,,,,,False,8,15,0,7,9,0,2,4,5,50,50,False,Below Threshold
KALV,"KalVista Pharmaceuticals, Inc.",Healthcare,27.0,27.0,0.04,0.13,3208093,85960534,24.29,16.98,15,,,,No Valid Support,0,,,0,-0.7,70.87,-1.79,2.49,12.42,,,,,,,,,False,7,15,0,7,10,0,2,4,5,50,50,False,Below Threshold
SOVO,"Sovos Brands, Inc.",Consumer Defensive,22.98,22.98,0.09,0.41,2345648,52957847,22.33,21.37,15,,,,No Valid Support,0,,,0,1.59,1.06,3.31,1.63,124.92,,,,,,,,,False,7,15,0,5,10,0,4,4,5,50,50,False,Below Threshold
SRCL,"Stericycle, Inc.",Industrials,61.98,61.98,0.15,0.24,1552367,95519679,61.07,55.21,15,,,,No Valid Support,0,,,0,0.14,2.02,3.94,2.64,50.66,,,,,,,,,False,7,15,0,5,10,0,4,4,5,50,50,False,Below Threshold
RVMD,"Revolution Medicines, Inc.",Healthcare,187.46,187.46,8.69,4.63,1996694,399672299,203.38,148.9,12,Horizontal,188.62,-0.61,Support Test / Reclaim,2,12.4,11.88,0,-9.6,1.18,-10.7,0.75,2.48,184.27,189.85,192.77,0.75,1.66,,,,False,7,12,14,2,2,6,0,4,2,49,49,False,Below Threshold
PSKY,Paramount Skydance Corporation Class B Common Stock,Communication Services,9.78,9.78,0.65,6.63,22079200,225413754,9.93,10.54,6,Horizontal,9.78,0.0,Prime Entry,2,6.65,6.44,1,-11.55,0.49,-8.88,0.6,202.76,9.46,10.39,10.42,1.88,1.97,,,,False,8,6,17,2,4,6,0,4,2,49,49,False,Below Threshold
PAYX,"Paychex, Inc.",Industrials,104.66,104.66,3.07,2.93,3185959,351941802,115.55,103.5,6,BreakoutRetest,103.3,1.31,Prime Entry,2,4.21,4.43,0,-11.22,-12.19,-7.42,0.66,16.46,101.23,109.73,117.72,1.48,3.82,,,,False,8,6,14,0,4,13,0,4,0,49,49,False,Below Threshold
LFST,"LifeStance Health Group, Inc.",Healthcare,12.25,12.25,0.4,3.28,4945236,61736195,12.16,8.93,15,SMA50,12.05,1.68,Prime Entry,2,4.81,4.11,1,-7.13,5.09,-8.22,0.63,-5.69,11.81,12.43,12.76,0.4,1.14,,,,False,7,15,16,4,0,2,0,4,1,49,49,False,Below Threshold
CART,Maplebear Inc.,Technology,47.58,47.58,1.49,3.13,3682161,170087066,47.51,42.61,15,Horizontal,42.08,13.1,Extended,2,9.57,13.4,0,-3.95,-0.51,-7.84,0.76,11.15,41.23,48.71,49.16,0.18,0.25,,,,False,8,15,12,0,4,2,0,4,4,49,49,False,Below Threshold
TPTX,"Turning Point Therapeutics, Inc.",Healthcare,76.01,76.01,0.4,0.53,1075164,80790021,74.99,45.62,12,,,,No Valid Support,0,,,0,0.13,111.52,-0.96,1.33,10.74,,,,,,,,,False,7,12,0,10,9,0,2,4,5,49,49,False,Below Threshold
MSTR,Strategy Inc,Technology,155.49,155.49,8.06,5.18,22718271,3343443295,129.84,135.86,7,BreakoutRetest,162.06,-4.05,Broken / Reclaim Needed,2,11.7,8.24,0,17.12,61.92,13.23,1.22,-16.53,158.03,162.06,165.72,,,,,,False,10,7,0,15,5,0,5,4,2,48,48,False,Below Threshold
APLD,Applied Digital Corp.,Technology,23.28,23.28,1.53,6.58,18837648,479061597,27.01,32.09,0,Horizontal,23.49,-0.87,Support Test / Reclaim,2,24.41,13.82,0,-13.47,-15.37,-17.35,1.32,0.46,22.72,26.85,28.66,6.35,9.57,,,,False,8,0,14,0,7,15,0,4,0,48,48,False,Below Threshold
MRTX,"Mirati Therapeutics, Inc.",Healthcare,58.7,58.7,0.36,0.62,2146049,125687751,57.75,45.58,15,BreakoutRetest,57.18,2.66,Buyable,2,4.66,3.34,1,-2.08,2.88,-3.17,0.41,-134.52,56.04,59.4,59.46,0.26,0.29,,,,False,8,15,15,2,0,2,0,4,2,48,48,False,Below Threshold
CPRX,"Catalyst Pharmaceuticals, Inc.",Healthcare,31.49,31.49,0.02,0.06,2090363,65719442,31.35,25.64,15,,,,No Valid Support,0,,,0,-1.25,10.33,-2.34,1.37,39.61,,,,,,,,,False,7,15,0,6,9,0,2,4,5,48,48,False,Below Threshold
ETNB,"89bio, Inc.",Healthcare,14.84,14.84,0.05,0.35,7032674,104157808,12.52,9.79,15,,,,No Valid Support,0,,,0,-1.6,53.1,-2.69,1.28,20.85,,,,,,,,,False,8,15,0,7,9,0,2,4,3,48,48,False,Below Threshold
FBRX,"Forte Biosciences, Inc.",Healthcare,76.99,76.99,0.07,0.08,2092317,157337327,53.93,32.54,15,,,,No Valid Support,0,,,0,-1.59,320.05,-2.68,1.14,27.16,,,,,,,,,False,8,15,0,7,7,0,2,4,5,48,48,False,Below Threshold
SYRE,"Spyre Therapeutics, Inc.",Healthcare,83.64,83.64,5.59,6.69,1436000,125640328,94.29,68.88,9,Horizontal,83.1,0.66,Prime Entry,2,14.88,14.42,0,-9.28,-14.57,-10.37,0.79,-0.75,80.3,91.41,91.96,2.33,2.49,,,,False,7,9,16,0,0,9,0,4,2,47,47,False,Below Threshold
PAA,"Plains All American Pipeline, L.P.",Energy,24.6,24.6,0.53,2.14,2482651,62193512,24.6,22.26,12,BreakoutRetest,24.26,1.42,Prime Entry,2,3.74,3.91,1,-7.33,0.16,-6.53,0.67,4.59,23.77,24.87,25.03,0.32,0.51,,,,False,7,12,16,2,2,2,0,4,2,47,47,False,Below Threshold
HOND,HCM II Acquisition Corp.,Financial Services,18.04,18.04,3.96,21.95,3391412,67092813,15.59,11.97,15,,,,No Valid Support,0,,,0,8.33,61.31,14.83,0.83,-20.53,,,,,,,,,False,7,15,0,14,0,0,5,4,2,47,47,False,Below Threshold
NUVL,"Nuvalent, Inc.",Healthcare,123.96,123.96,0.08,0.07,3897119,479455762,113.92,104.24,15,,,,No Valid Support,0,,,0,-1.16,11.32,-2.25,1.04,15.61,,,,,,,,,False,8,15,0,6,7,0,2,4,5,47,47,False,Below Threshold
NEOG,Neogen Corporation,Healthcare,11.74,11.74,0.8,6.8,4393692,55198645,12.13,10.11,12,SMA50,12.05,-2.59,Broken / Reclaim Needed,2,10.35,8.79,1,-1.98,10.16,-3.07,0.65,-152.96,11.65,12.04,12.09,3.5,4.08,,,,False,7,12,0,6,0,15,0,4,2,46,46,False,Below Threshold
DLTR,"Dollar Tree, Inc.",Consumer Defensive,117.62,117.62,3.28,2.79,2592412,304560381,123.09,117.01,6,BreakoutRetest,117.41,0.18,Prime Entry,2,5.04,5.42,0,-2.06,-11.87,-0.34,0.79,10.1,115.06,119.91,120.8,0.89,1.24,,,,False,8,6,15,0,4,2,2,4,5,46,46,False,Below Threshold
ADBE,Adobe Inc.,Technology,244.24,244.24,8.0,3.27,5088336,1283692713,257.92,256.99,8,BreakoutRetest,240.15,1.71,Prime Entry,2,4.03,6.03,0,-4.77,0.36,-8.65,0.81,9.92,235.35,247.44,248.3,0.36,0.46,,,,False,9,8,15,2,4,2,0,4,2,46,46,False,Below Threshold
FYBR,"Frontier Communications Parent, Inc.",Communication Services,38.49,38.49,0.11,0.28,4277742,163392333,38.06,37.11,15,,,,No Valid Support,0,,,0,-0.58,-0.93,2.09,1.75,31.37,,,,,,,,,False,8,15,0,0,10,0,4,4,5,46,46,False,Below Threshold
TERN,"Terns Pharmaceuticals, Inc.",Healthcare,52.95,52.95,0.05,0.09,6215630,327835558,50.16,28.69,15,,,,No Valid Support,0,,,0,-0.99,33.6,-2.08,1.16,1.08,,,,,,,,,False,8,15,0,7,5,0,2,4,5,46,46,False,Below Threshold
VERV,"Verve Therapeutics, Inc.",Healthcare,11.13,11.13,0.1,0.93,7039956,77671731,8.21,6.45,15,,,,No Valid Support,0,,,0,-2.31,90.8,-3.4,2.0,17.01,,,,,,,,,False,7,15,0,7,10,0,0,4,3,46,46,False,Below Threshold
INTU,Intuit Inc.,Technology,306.63,306.63,10.64,3.47,3564811,1093865682,321.78,384.4,0,BreakoutRetest,302.07,1.51,Prime Entry,2,5.3,6.1,0,-6.25,0.58,-10.13,0.86,20.95,296.03,331.15,336.94,2.31,2.86,,,,False,8,0,15,2,4,11,0,4,1,45,45,False,Below Threshold
VSAT,"Viasat, Inc.",Technology,73.87,73.87,4.35,5.89,1699678,122846548,74.85,61.79,11,Horizontal,67.94,8.74,Extended,2,15.4,11.65,0,-2.19,4.07,-6.08,1.14,-1.93,65.76,75.14,75.57,0.16,0.21,,,,False,7,11,12,4,3,2,0,4,2,45,45,False,Below Threshold
CBAY,"CymaBay Therapeutics, Inc.",Healthcare,32.48,32.48,0.04,0.12,6524202,210365775,28.94,18.65,15,,,,No Valid Support,0,,,0,-0.98,29.3,-2.07,0.92,6.58,,,,,,,,,False,8,15,0,7,4,0,2,4,5,45,45,False,Below Threshold
COUP,Coupa Software Incorporated,Technology,80.97,80.97,0.22,0.28,2014661,161153511,79.49,66.27,12,,,,No Valid Support,0,,,0,-0.07,28.31,-3.96,1.47,135.54,,,,,,,,,False,8,12,0,7,9,0,0,4,5,45,45,False,Below Threshold
HOLX,"Hologic, Inc.",Healthcare,76.01,76.01,0.21,0.27,9692260,735021627,75.3,71.34,15,,,,No Valid Support,0,,,0,-1.05,-1.93,-2.14,4.48,593.13,,,,,,,,,False,9,15,0,0,10,0,2,4,5,45,45,False,Below Threshold
OS,"OneStream, Inc. Class A Common Stock",Technology,24.0,24.0,0.09,0.38,2393755,56831448,23.65,21.78,12,,,,No Valid Support,0,,,0,-0.34,27.07,-4.22,1.51,61.62,,,,,,,,,False,7,12,0,7,10,0,0,4,5,45,45,False,Below Threshold
RAPT,"RAPT Therapeutics, Inc.",Healthcare,58.01,58.01,0.06,0.11,3634285,209935364,49.54,26.61,15,,,,No Valid Support,0,,,0,-1.03,62.59,-2.12,0.45,35.83,,,,,,,,,False,8,15,0,7,4,0,2,4,5,45,45,False,Below Threshold
SWTX,"SpringWorks Therapeutics, Inc.",Healthcare,46.99,46.99,0.07,0.14,4304709,201221643,46.26,41.29,15,,,,No Valid Support,0,,,0,-1.09,16.77,-2.18,0.89,8.3,,,,,,,,,False,8,15,0,7,4,0,2,4,5,45,45,False,Below Threshold
RELY,"Remitly Global, Inc.",Technology,23.49,23.49,0.94,3.99,3927608,89963625,23.85,19.73,11,BreakoutRetest,26.82,-12.42,Broken / Reclaim Needed,2,7.34,7.18,0,5.21,-10.34,1.33,1.18,211.8,26.28,23.94,24.81,,,,,,False,7,11,0,7,7,0,3,4,5,44,44,False,Below Threshold
ARQT,"Arcutis Biotherapeutics, Inc.",Healthcare,25.43,25.43,1.28,5.04,2931610,74135404,25.37,25.11,9,SMA50,25.73,-1.15,Broken / Reclaim Needed,2,9.73,7.35,1,4.85,-11.76,3.76,0.69,-26.65,25.09,26.97,27.19,4.48,5.12,,,,False,7,9,0,5,0,15,4,4,0,44,44,False,Below Threshold
NUVA,"NuVasive, Inc.",Healthcare,39.75,39.75,0.88,2.21,2306399,92018661,40.72,41.31,0,BreakoutRetest,40.01,-0.65,Support Test / Reclaim,2,5.66,5.64,0,-0.15,-3.66,-1.24,0.71,-105.28,39.21,40.53,41.46,1.44,3.17,,,,False,7,0,13,0,0,13,2,4,5,44,44,False,Below Threshold
KMB,Kimberly-Clark Corporation,Consumer Defensive,97.9,97.9,1.85,1.89,4400224,437766652,103.74,102.5,5,Horizontal,96.77,1.17,Prime Entry,2,3.2,3.27,0,-1.86,-13.61,-0.13,0.78,5.84,94.83,99.16,99.88,0.41,0.65,,,,False,8,5,14,0,4,2,2,4,5,44,44,False,Below Threshold
CSX,CSX Corporation,Industrials,47.14,47.14,0.7,1.48,10013074,478742787,49.03,44.57,9,Horizontal,45.82,2.88,Buyable,2,3.93,4.1,0,-5.3,-10.81,-1.5,0.92,10.1,44.9,47.73,48.03,0.26,0.4,,,,False,8,9,13,0,4,2,2,4,2,44,44,False,Below Threshold
CSCO,"Cisco Systems, Inc.",Technology,116.32,116.32,2.58,2.21,17092900,1876704937,112.28,98.68,12,,,,No Valid Support,0,,,0,2.14,2.64,-1.75,0.76,11.48,,,,,,,,,False,10,12,0,7,4,0,2,4,5,44,44,False,Below Threshold
EXAS,Exact Sciences Corporation,Healthcare,104.91,104.91,0.34,0.32,3433792,357323675,103.09,74.54,15,,,,No Valid Support,0,,,0,-0.13,-0.17,-1.22,2.07,15.31,,,,,,,,,False,8,15,0,0,10,0,2,4,5,44,44,False,Below Threshold
FMTX,"Forma Therapeutics Holdings, Inc.",Healthcare,20.01,20.01,0.04,0.2,2610336,52498397,16.65,10.81,15,,,,No Valid Support,0,,,0,-1.4,122.15,-2.49,0.79,5.9,,,,,,,,,False,7,15,0,7,4,0,2,4,5,44,44,False,Below Threshold
STRC,Strategy Inc,Technology,99.58,99.58,0.41,0.41,1507073,148375092,97.03,96.67,15,,,,No Valid Support,0,,,0,-0.65,13.14,-4.54,1.03,6.45,,,,,,,,,False,7,15,0,6,7,0,0,4,5,44,44,False,Below Threshold
FWONK,Liberty Media Corporation,Communication Services,95.49,95.49,2.47,2.59,2220116,210968646,98.03,92.18,9,BreakoutRetest,92.72,2.99,Buyable,2,3.53,7.6,0,-1.71,-7.7,0.96,0.83,-76.5,90.87,96.74,97.64,0.27,0.46,,,,False,8,9,14,0,0,2,3,4,3,43,43,False,Below Threshold
CTXS,"Citrix Systems, Inc.",Technology,103.9,103.9,0.19,0.19,1499091,155219103,102.81,100.35,15,,,,No Valid Support,0,,,0,-0.5,2.78,-4.39,1.88,28.3,,,,,,,,,False,7,15,0,2,10,0,0,4,5,43,43,False,Below Threshold
GBT,"Global Blood Therapeutics, Inc.",Healthcare,68.49,68.49,0.33,0.49,2915587,197829703,62.32,38.21,15,,,,No Valid Support,0,,,0,-0.7,99.74,-1.79,0.83,11.99,,,,,,,,,False,8,15,0,7,4,0,2,4,3,43,43,False,Below Threshold
KLAC,KLA Corporation,Technology,196.17,196.17,7.29,3.72,8955594,1648833676,188.0,179.72,12,,,,No Valid Support,0,,,0,7.0,-14.01,3.11,1.33,-2.61,,,,,,,,,False,9,12,0,7,5,0,4,4,2,43,43,False,Below Threshold
MORF,"Morphic Holding, Inc.",Healthcare,56.99,56.99,0.08,0.15,4450941,249264753,45.49,33.75,15,,,,No Valid Support,0,,,0,-0.41,83.97,-1.5,0.87,3.73,,,,,,,,,False,8,15,0,7,2,0,2,4,5,43,43,False,Below Threshold
NATI,National Instruments Corporation,Technology,59.98,59.98,0.1,0.17,1209084,72229267,59.54,55.36,15,,,,No Valid Support,0,,,0,-0.96,3.44,-4.85,1.58,4.16,,,,,,,,,False,7,15,0,4,8,0,0,4,5,43,43,False,Below Threshold
SYNH,"Syneos Health, Inc.",Healthcare,42.98,42.98,0.13,0.3,1372491,58686244,42.63,39.49,15,,,,No Valid Support,0,,,0,-1.02,-1.66,-2.11,1.67,79.26,,,,,,,,,False,7,15,0,0,10,0,2,4,5,43,43,False,Below Threshold
TPG,TPG Inc.,Financial Services,45.2,45.2,1.43,3.16,2562582,120545647,48.69,47.28,8,BreakoutRetest,45.95,-1.62,Broken / Reclaim Needed,2,3.48,3.65,0,-6.81,-1.07,-0.31,0.93,23.64,45.03,45.95,46.2,4.28,5.72,,,,False,8,8,0,0,4,15,2,4,1,42,42,False,Below Threshold
CPB,Campbell Soup Company,Consumer Defensive,19.12,19.12,0.59,3.06,8656110,180736833,21.71,22.98,0,Horizontal,19.18,-0.31,Support Test / Reclaim,2,6.02,3.82,0,-10.55,-19.02,-8.83,1.02,-9.71,18.8,19.83,20.42,2.19,4.02,,,,False,8,0,12,0,3,15,0,4,0,42,42,False,Below Threshold
BKR,Baker Hughes Company,Energy,56.63,56.63,1.38,2.43,7504063,439638046,60.38,59.64,8,Horizontal,55.17,2.64,Buyable,2,5.41,3.41,0,-5.72,-3.28,-4.92,1.06,-0.1,54.07,57.97,58.2,0.52,0.61,,,,False,8,8,13,0,3,2,0,4,4,42,42,False,Below Threshold
APGE,"Apogee Therapeutics, Inc.",Healthcare,135.07,135.07,0.11,0.08,1335967,179854672,134.13,91.97,15,,,,No Valid Support,0,,,0,-0.98,59.28,-2.07,0.73,2.42,,,,,,,,,False,7,15,0,7,2,0,2,4,5,42,42,False,Below Threshold
MNDT,"Mandiant, Inc.",Technology,22.98,22.98,0.04,0.16,2965423,67791603,22.64,20.39,15,,,,No Valid Support,0,,,0,-1.08,3.7,-4.96,1.45,0.93,,,,,,,,,False,7,15,0,4,7,0,0,4,5,42,42,False,Below Threshold
ZI,ZoomInfo Technologies Inc.,Technology,10.03,10.03,0.45,4.49,6450945,55654016,9.53,10.15,4,,,,No Valid Support,0,,,0,23.77,-5.49,19.89,1.28,37.37,,,,,,,,,False,7,4,0,8,9,0,5,4,5,42,42,False,Below Threshold
SLS,"SELLAS Life Sciences Group, Inc.",Healthcare,11.45,11.45,0.69,6.0,5949819,72829694,12.4,8.01,12,Horizontal,11.15,2.68,Buyable,2,12.88,9.38,0,-2.48,-6.0,-3.57,0.94,-5.05,10.81,12.15,12.21,1.09,1.19,,,,False,7,12,15,0,0,2,0,4,1,41,41,False,Below Threshold
LNT,Alliant Energy Corporation,Utilities,65.5,65.5,1.04,1.59,2605939,170637727,67.33,70.3,0,Horizontal,62.62,4.6,Buyable,2,4.89,5.16,0,-4.22,-16.97,0.4,1.04,12.21,61.37,67.56,67.58,0.5,0.5,,,,False,8,0,14,0,7,2,3,4,3,41,41,False,Below Threshold
NXT,Nextpower Inc.,Energy,85.04,85.04,3.5,4.12,2031707,167114921,87.48,107.68,0,Horizontal,76.87,10.64,Extended,2,9.79,17.69,0,0.99,-23.85,1.79,1.03,8.75,75.11,87.82,90.63,0.28,0.56,,,,False,8,0,12,3,7,2,3,4,2,41,41,False,Below Threshold
APLS,"Apellis Pharmaceuticals, Inc.",Healthcare,41.03,41.03,0.06,0.14,7369646,301836415,33.2,26.08,15,,,,No Valid Support,0,,,0,-1.28,76.52,-2.37,0.22,-68.76,,,,,,,,,False,8,15,0,7,0,0,2,4,5,41,41,False,Below Threshold
BPMC,Blueprint Medicines Corporation,Healthcare,129.46,129.46,0.31,0.24,4343379,558555163,118.77,99.62,15,,,,No Valid Support,0,,,0,-0.55,51.77,-1.65,0.56,-40.87,,,,,,,,,False,8,15,0,7,0,0,2,4,5,41,41,False,Below Threshold
HCP,"HashiCorp, Inc.",Technology,34.78,34.78,0.2,0.56,3707878,127516982,34.27,33.84,15,,,,No Valid Support,0,,,0,-0.2,0.14,-4.09,1.06,18.95,,,,,,,,,False,8,15,0,2,7,0,0,4,5,41,41,False,Below Threshold
ITCI,"Intra-Cellular Therapies, Inc.",Healthcare,131.87,131.87,0.14,0.11,2327910,305152091,129.42,92.67,15,,,,No Valid Support,0,,,0,-1.08,54.08,-2.17,0.37,-29.89,,,,,,,,,False,8,15,0,7,0,0,2,4,5,41,41,False,Below Threshold
SPLK,Splunk Inc.,Technology,156.9,156.9,0.31,0.19,2431910,379199078,154.53,134.5,15,,,,No Valid Support,0,,,0,-0.62,-0.19,-4.5,1.25,90.68,,,,,,,,,False,8,15,0,0,9,0,0,4,5,41,41,False,Below Threshold
SMMT,Summit Therapeutics Inc.,Healthcare,17.24,17.24,1.16,6.75,6953551,116888659,15.46,16.35,7,BreakoutRetest,18.51,-6.89,Broken / Reclaim Needed,2,14.72,13.5,0,-3.4,21.82,-4.49,1.61,527.03,17.93,17.96,18.19,,,,,,False,8,7,0,7,10,0,0,4,4,40,40,False,Below Threshold
ERAS,"Erasca, Inc.",Healthcare,15.6,15.6,0.99,6.37,4841209,74510128,16.54,14.26,9,BreakoutRetest,15.75,-0.95,Support Test / Reclaim,2,7.44,17.56,0,-3.36,-21.42,-4.45,0.88,1.9,15.25,15.78,16.0,0.52,1.15,,,,False,7,9,14,0,2,2,0,4,2,40,40,False,Below Threshold
EXC,Exelon Corporation,Utilities,41.63,41.63,0.66,1.58,8259026,347691426,43.34,45.58,0,Horizontal,39.77,4.68,Buyable,2,5.21,5.0,0,-5.14,-14.46,-0.52,1.13,8800.95,38.97,44.51,44.59,1.08,1.11,,,,False,8,0,14,0,7,2,2,4,3,40,40,False,Below Threshold
ODFL,"Old Dominion Freight Line, Inc.",Industrials,181.24,181.24,4.46,2.46,1854232,334617750,192.07,200.34,3,Horizontal,172.7,4.94,Buyable,2,6.01,5.95,0,-0.79,-27.01,3.01,1.01,-0.79,169.25,188.35,193.22,0.59,1.0,,,,False,7,3,14,0,3,2,4,4,3,40,40,False,Below Threshold
TWNK,"Hostess Brands, Inc.",Consumer Defensive,33.3,33.3,0.07,0.2,3717937,123716720,32.99,26.86,15,,,,No Valid Support,0,,,0,-1.33,44.89,0.39,0.19,-97.91,,,,,,,,,False,8,15,0,7,0,0,3,4,3,40,40,False,Below Threshold
INOD,Innodata Inc.,Technology,60.99,60.99,5.51,9.03,1374658,88490665,61.68,61.71,9,BreakoutRetest,71.98,-15.27,Broken / Reclaim Needed,2,9.45,15.15,0,13.02,-3.4,9.13,1.83,-10.08,69.23,64.49,64.9,,,,,,False,7,9,0,8,6,0,5,4,0,39,39,False,Below Threshold
RGEN,Repligen Corporation,Healthcare,170.07,170.07,9.85,5.79,1162733,206492567,173.11,143.83,14,BreakoutRetest,188.73,-9.89,Broken / Reclaim Needed,2,6.4,9.73,0,1.36,11.05,0.27,0.81,-25.02,183.81,182.57,185.34,,,,,,False,7,14,0,9,0,0,3,4,2,39,39,False,Below Threshold
SNDK,Sandisk Corporation,Technology,1596.77,1596.77,84.83,5.31,9424926,15815922119,1582.8,1181.6,15,BreakoutRetest,1696.37,-5.87,Broken / Reclaim Needed,2,18.16,8.62,0,-3.84,9.72,-7.73,1.32,-0.44,1653.96,1696.37,1802.0,,,,,,False,9,15,0,6,5,0,0,4,0,39,39,False,Below Threshold
MCHP,Microchip Technology Incorporated,Technology,74.95,74.95,2.76,3.69,7989135,598264963,76.04,79.22,6,SMA50,76.39,-1.89,Broken / Reclaim Needed,2,12.04,11.3,1,-0.59,-11.68,-4.48,1.19,-8.36,74.87,76.55,79.18,19.77,52.21,,,,False,9,6,0,0,3,15,0,4,2,39,39,False,Below Threshold
GEHC,GE HealthCare Technologies Inc.,Healthcare,65.25,65.25,1.45,2.23,3481205,229366692,68.66,70.83,3,Horizontal,63.3,3.09,Buyable,2,6.12,5.02,0,0.47,-4.12,-0.62,0.89,-36.6,62.03,65.99,66.06,0.23,0.25,,,,False,8,3,14,3,0,2,2,4,3,39,39,False,Below Threshold
GTX,Garrett Motion Inc.,Consumer Cyclical,25.88,25.88,0.73,2.82,2654931,70542062,27.34,25.0,9,Horizontal,25.06,3.29,Buyable,2,10.08,3.86,0,-7.9,-21.43,-5.95,0.95,-5.33,24.55,26.38,27.19,0.38,0.99,,,,False,7,9,14,0,0,2,0,4,3,39,39,False,Below Threshold
DVAX,Dynavax Technologies Corporation,Healthcare,15.5,15.5,0.04,0.29,3690007,57171003,13.85,11.24,15,,,,No Valid Support,0,,,0,-2.75,34.22,-3.84,0.93,1.49,,,,,,,,,False,7,15,0,7,2,0,0,4,4,39,39,False,Below Threshold
SBET,"Sharplink, Inc.",Financial Services,8.76,8.76,0.52,5.96,8116626,73809702,8.18,7.38,12,,,,No Valid Support,0,,,0,-2.98,49.13,3.52,1.5,-11.41,,,,,,,,,False,7,12,0,7,5,0,4,4,0,39,39,False,Below Threshold
AKAM,"Akamai Technologies, Inc.",Technology,102.75,102.75,6.27,6.11,4905505,537055356,111.14,112.09,3,Horizontal,102.56,0.19,Prime Entry,2,25.33,25.19,0,-5.38,-16.95,-9.27,1.37,-11.39,99.42,103.9,104.53,0.34,0.53,,,,False,8,3,16,0,5,2,0,4,0,38,38,False,Below Threshold
CHX,ChampionX Corporation,Energy,25.81,25.81,0.74,2.86,2969637,76447389,25.46,27.98,7,SMA50,25.17,2.53,Buyable,2,11.99,8.72,1,-3.84,-1.86,-3.04,0.99,-7.17,24.67,26.45,26.81,0.56,0.88,,,,False,7,7,17,0,0,2,0,4,1,38,38,False,Below Threshold
JBHT,"J.B. Hunt Transport Services, Inc.",Industrials,228.32,228.32,5.85,2.56,1078668,262346966,255.57,244.18,8,Horizontal,222.44,2.65,Buyable,2,5.32,3.24,0,-17.18,-26.92,-13.38,0.8,13.99,217.99,231.53,234.63,0.31,0.61,,,,False,7,8,13,0,4,2,0,4,0,38,38,False,Below Threshold
RLAY,"Relay Therapeutics, Inc.",Healthcare,17.84,17.84,1.02,5.74,3346495,62151824,19.06,14.26,9,Horizontal,17.13,4.14,Buyable,2,13.24,14.37,0,-7.03,-11.31,-8.12,0.66,-2.27,16.62,19.27,19.28,1.17,1.17,,,,False,7,9,15,0,0,2,0,4,1,38,38,False,Below Threshold
FANG,"Diamondback Energy, Inc.",Energy,193.79,193.79,4.31,2.22,2925922,566202859,196.63,185.59,11,Horizontal,182.68,6.08,Watch for Pullback,2,4.3,6.74,0,-7.06,-1.51,-6.26,0.62,-40.79,179.03,198.26,200.35,0.3,0.44,,,,False,8,11,11,0,0,2,0,4,2,38,38,False,Below Threshold
AIMC,Altra Industrial Motion Corp.,Industrials,61.98,61.98,0.31,0.5,1619408,99594622,61.29,49.19,15,,,,No Valid Support,0,,,0,-0.87,0.26,2.93,1.02,-73.57,,,,,,,,,False,7,15,0,2,3,0,4,4,3,38,38,False,Below Threshold
ATVI,"Activision Blizzard, Inc.",Technology,94.42,94.42,0.2,0.21,6059272,566054782,92.72,84.2,15,,,,No Valid Support,0,,,0,-1.07,-0.96,-4.96,1.14,12.41,,,,,,,,,False,9,15,0,0,7,0,0,4,3,38,38,False,Below Threshold
BECN,"Beacon Roofing Supply, Inc.",Industrials,124.17,124.17,0.48,0.38,4132941,510406677,120.57,104.48,15,,,,No Valid Support,0,,,0,-1.22,1.49,2.58,0.54,-1.18,,,,,,,,,False,8,15,0,2,0,0,4,4,5,38,38,False,Below Threshold
FCEL,"FuelCell Energy, Inc.",Industrials,17.64,17.64,1.51,8.57,6912825,117566735,18.31,14.56,9,SMA50,18.49,-4.61,Broken / Reclaim Needed,2,22.44,9.12,1,9.41,-1.24,13.21,1.09,-0.01,17.74,18.33,18.87,,,,,,False,8,9,0,7,3,0,5,4,1,37,37,False,Below Threshold
TTMI,"TTM Technologies, Inc.",Technology,122.18,122.18,7.59,6.21,1793749,220274646,124.11,126.72,6,SMA50,124.07,-1.53,Broken / Reclaim Needed,2,14.79,8.63,1,-4.97,-9.56,-8.86,1.08,2.43,120.28,126.71,129.51,2.38,3.85,,,,False,7,6,0,0,5,13,0,4,2,37,37,False,Below Threshold
EA,Electronic Arts Inc.,Technology,209.7,209.7,0.35,0.17,3731982,779065093,205.97,203.04,15,,,,No Valid Support,0,,,0,0.02,1.32,-3.86,0.23,-39.99,,,,,,,,,False,8,15,0,5,0,0,0,4,5,37,37,False,Below Threshold
ONEM,"1Life Healthcare, Inc.",Healthcare,16.47,16.47,0.43,2.58,3258941,51835858,16.21,14.63,12,,,,No Valid Support,0,,,0,0.0,-4.99,-1.09,0.98,62.57,,,,,,,,,False,7,12,0,3,4,0,2,4,5,37,37,False,Below Threshold
PDCO,"Patterson Companies, Inc.",Healthcare,31.33,31.33,0.21,0.67,2085416,64940579,31.14,26.25,15,,,,No Valid Support,0,,,0,-1.06,-2.05,-2.15,0.81,29.26,,,,,,,,,False,7,15,0,0,4,0,2,4,5,37,37,False,Below Threshold
ROKU,"Roku, Inc.",Communication Services,153.84,153.84,1.8,1.17,1930974,298322738,154.11,124.34,14,,,,No Valid Support,0,,,0,-2.3,3.53,0.37,0.7,3.14,,,,,,,,,False,7,14,0,4,2,0,3,4,3,37,37,False,Below Threshold
SLNO,"Soleno Therapeutics, Inc.",Healthcare,53.01,53.01,0.05,0.1,3349457,176366811,45.79,52.4,7,,,,No Valid Support,0,,,0,-0.96,31.24,-2.05,0.83,17.68,,,,,,,,,False,8,7,0,7,4,0,2,4,5,37,37,False,Below Threshold
CROX,"Crocs, Inc.",Consumer Cyclical,117.0,117.0,4.02,3.44,1069168,126731219,122.96,107.16,9,BreakoutRetest,125.92,-7.08,Broken / Reclaim Needed,2,8.31,3.68,0,2.42,-19.21,4.36,0.82,7.42,123.4,120.37,121.26,,,,,,False,7,9,0,5,4,0,4,4,3,36,36,False,Below Threshold
FOXA,Fox Corporation,Communication Services,63.58,63.58,1.59,2.51,4627840,299666633,64.88,62.94,11,BreakoutRetest,67.24,-5.44,Broken / Reclaim Needed,2,4.4,5.48,0,-5.18,8.48,-2.51,0.77,7.4,65.9,64.28,64.45,,,,,,False,8,11,0,6,4,0,2,4,1,36,36,False,Below Threshold
HTFL,"Heartflow, Inc. Common Stock",Healthcare,48.52,48.52,2.65,5.46,1911273,94296991,44.52,32.37,15,BreakoutRetest,51.19,-5.21,Broken / Reclaim Needed,2,11.61,10.2,0,-4.32,83.41,-5.41,1.16,-11.95,49.87,50.82,51.19,,,,,,False,7,15,0,7,3,0,0,4,0,36,36,False,Below Threshold
CDW,CDW Corporation,Technology,140.62,140.62,5.22,3.71,1485424,213890371,141.97,131.5,8,SMA50,142.2,-1.11,Broken / Reclaim Needed,2,5.79,5.39,1,-10.16,1.24,-14.05,0.97,22.92,139.35,142.97,143.64,1.85,2.38,,,,False,7,8,0,2,4,9,0,4,2,36,36,False,Below Threshold
VLY,Valley National Bancorp,Financial Services,12.62,12.62,0.29,2.33,7004518,92748984,13.79,13.35,8,Horizontal,12.33,2.31,Buyable,2,5.2,3.56,0,-10.19,-20.39,-3.69,0.91,-7.11,12.08,12.95,13.34,0.63,1.36,,,,False,7,8,13,0,0,2,0,4,1,35,35,False,Below Threshold
HST,"Host Hotels & Resorts, Inc.",Real Estate,22.59,22.59,0.42,1.84,7870154,174738170,22.67,21.47,11,,,,No Valid Support,0,,,0,-0.03,-8.0,6.7,0.73,4.5,,,,,,,,,False,8,11,0,0,2,0,5,4,5,35,35,False,Below Threshold
XM,Qualtrics International Inc.,Technology,18.14,18.14,0.03,0.16,3304193,59697709,18.0,14.22,15,,,,No Valid Support,0,,,0,-1.16,-1.7,-5.05,0.85,21.92,,,,,,,,,False,7,15,0,0,4,0,0,4,5,35,35,False,Below Threshold
SWKS,"Skyworks Solutions, Inc.",Technology,75.24,75.24,4.46,5.93,8418517,691716677,76.11,66.19,14,BreakoutRetest,85.18,-11.67,Broken / Reclaim Needed,2,16.83,6.16,0,-16.44,27.12,-20.33,0.73,-132.24,82.95,76.72,79.2,,,,,,False,9,14,0,7,0,0,0,4,0,34,34,False,Below Threshold
CLDX,"Celldex Therapeutics, Inc.",Healthcare,29.66,29.66,1.91,6.45,1783001,59828354,37.7,32.45,8,Horizontal,30.38,-2.4,Broken / Reclaim Needed,2,10.53,8.23,0,-21.23,-19.67,-22.32,0.5,-26.24,29.43,30.62,31.31,4.25,7.28,,,,False,7,8,0,0,0,15,0,4,0,34,34,False,Below Threshold
BKNG,Booking Holdings Inc.,Consumer Cyclical,159.68,159.68,5.5,3.44,7944626,1350234994,186.26,181.21,5,Horizontal,154.72,3.21,Buyable,2,6.96,4.36,0,-9.79,-16.94,-7.85,0.9,-1104.65,151.62,166.19,170.51,0.81,1.35,,,,False,9,5,14,0,0,2,0,4,0,34,34,False,Below Threshold
ORLY,"O'Reilly Automotive, Inc.",Consumer Cyclical,86.05,86.05,1.76,2.04,6051272,518514149,87.95,90.78,0,Horizontal,83.22,3.39,Buyable,2,4.81,4.42,0,-1.33,-3.67,0.61,0.86,-17.61,81.56,87.45,87.46,0.31,0.31,,,,False,9,0,13,0,0,2,3,4,3,34,34,False,Below Threshold
RRR,"Red Rock Resorts, Inc.",Consumer Cyclical,50.13,50.13,2.03,4.04,1145849,60129654,56.44,59.02,0,Horizontal,47.64,5.23,Watch for Pullback,2,9.59,10.23,0,-11.92,-28.31,-9.98,1.39,63.58,46.63,52.05,52.36,0.55,0.64,,,,False,7,0,12,0,9,2,0,4,0,34,34,False,Below Threshold
TECH,Bio-Techne Corporation,Healthcare,72.47,72.47,0.15,0.21,2917653,211229323,72.33,62.41,15,,,,No Valid Support,0,,,0,-1.11,-2.46,-2.2,0.77,-6.07,,,,,,,,,False,8,15,0,0,0,0,2,4,5,34,34,False,Below Threshold
FOX,Fox Corporation,Communication Services,56.92,56.92,1.4,2.47,1163561,67390256,57.93,56.54,11,BreakoutRetest,60.31,-5.62,Broken / Reclaim Needed,2,5.17,3.26,0,-4.22,7.99,-1.55,0.74,6.54,59.1,57.51,57.75,,,,,,False,7,11,0,4,4,0,2,4,1,33,33,False,Below Threshold
TNGX,"Tango Therapeutics, Inc.",Healthcare,23.01,23.01,1.63,7.07,3008313,70694033,24.51,21.3,9,BreakoutRetest,23.49,-2.04,Broken / Reclaim Needed,2,16.49,7.3,0,-4.84,-20.19,-5.93,0.9,-3.57,22.68,23.49,24.3,1.44,3.86,,,,False,7,9,0,0,0,13,0,4,0,33,33,False,Below Threshold
LNW,"Light & Wonder, Inc.",Consumer Cyclical,85.6,85.6,4.26,4.98,2959411,244803798,81.98,89.56,4,,,,No Valid Support,0,,,0,10.38,-8.35,12.33,0.42,-1031.95,,,,,,,,,False,8,4,0,8,0,0,5,4,4,33,33,False,Below Threshold
HOOD,"Robinhood Markets, Inc.",Financial Services,108.8,108.8,4.84,4.45,21886590,2503808386,107.23,94.1,12,BreakoutRetest,120.05,-9.38,Broken / Reclaim Needed,2,14.12,6.4,0,-4.95,-0.82,1.55,1.09,-10.18,117.63,112.45,112.5,,,,,,False,10,12,0,0,3,0,3,4,0,32,32,False,Below Threshold
IBKR,"Interactive Brokers Group, Inc.",Financial Services,87.6,87.6,2.5,2.86,3661781,328740681,90.44,81.9,9,SMA50,91.43,-4.19,Broken / Reclaim Needed,2,5.85,3.09,2,-5.73,-8.44,0.77,1.07,9.05,89.6,90.92,91.02,,,,,,False,8,9,0,0,7,0,3,4,1,32,32,False,Below Threshold
CRWV,"CoreWeave, Inc. Class A Common Stock",Technology,81.96,81.96,4.58,5.58,27151743,2344401258,88.43,92.59,6,BreakoutRetest,85.37,-3.99,Broken / Reclaim Needed,2,8.46,9.48,1,-9.5,8.98,-13.39,0.93,22.45,83.08,85.37,88.26,,,,,,False,10,6,0,6,4,0,0,4,2,32,32,False,Below Threshold
DASH,"DoorDash, Inc.",Communication Services,194.87,194.87,7.42,3.81,3830521,756700099,206.21,185.8,9,BreakoutRetest,199.89,-2.51,Broken / Reclaim Needed,2,5.98,3.87,0,-5.11,1.13,-2.44,0.75,34.74,195.89,199.05,199.89,,,,,,False,8,9,0,2,4,0,2,4,3,32,32,False,Below Threshold
CNXC,Concentrix Corporation,Technology,26.74,26.74,2.43,9.07,1962370,54499152,27.13,29.44,6,SMA50,27.04,-1.11,Broken / Reclaim Needed,2,13.93,10.47,1,-6.9,0.95,-10.79,1.12,29.81,25.83,27.4,28.24,0.72,1.64,,,,False,7,6,0,2,7,6,0,4,0,32,32,False,Below Threshold
EXPE,"Expedia Group, Inc.",Consumer Cyclical,269.17,269.17,11.35,4.22,2109599,585681484,295.76,259.51,6,Horizontal,254.12,5.92,Watch for Pullback,2,6.94,7.75,0,-5.75,-4.09,-3.81,0.83,-14.55,248.44,273.0,274.69,0.18,0.27,,,,False,8,6,11,0,0,2,0,4,1,32,32,False,Below Threshold
TTWO,"Take-Two Interactive Software, Inc.",Technology,214.15,214.15,5.35,2.5,2587441,546703556,222.54,223.6,0,Horizontal,200.39,6.87,Watch for Pullback,2,8.12,7.12,0,-2.21,-14.05,-6.1,0.8,17.64,196.38,216.35,221.08,0.12,0.39,,,,False,8,0,11,0,4,2,0,4,3,32,32,False,Below Threshold
AEP,"American Electric Power Company, Inc.",Utilities,122.32,122.32,1.83,1.49,3742653,453008729,122.83,127.22,6,,,,No Valid Support,0,,,0,-2.42,-11.56,2.2,0.97,19.37,,,,,,,,,False,8,6,0,0,4,0,4,4,5,31,31,False,Below Threshold
COCO,"The Vita Coco Company, Inc.",Consumer Defensive,57.03,57.03,2.84,4.98,1379365,76886458,59.39,61.42,3,,,,No Valid Support,0,,,0,8.05,-25.58,9.77,1.13,-13.31,,,,,,,,,False,7,3,0,7,3,0,5,4,2,31,31,False,Below Threshold
CZR,"Caesars Entertainment, Inc.",Consumer Cyclical,29.55,29.55,0.11,0.38,4448113,131781689,29.7,27.28,11,,,,No Valid Support,0,,,0,-2.01,-4.64,-0.06,0.57,2.72,,,,,,,,,False,8,11,0,0,2,0,2,4,4,31,31,False,Below Threshold
PYCR,"Paycor HCM, Inc.",Technology,22.49,22.49,0.07,0.29,2677644,60024403,22.32,17.48,15,,,,No Valid Support,0,,,0,-1.11,-1.63,-5.0,0.58,-15.3,,,,,,,,,False,7,15,0,0,0,0,0,4,5,31,31,False,Below Threshold
WING,Wingstop Inc.,Consumer Cyclical,119.1,119.1,5.08,4.27,1259759,134961565,111.89,173.18,4,,,,No Valid Support,0,,,0,0.11,-18.93,2.05,0.81,13.74,,,,,,,,,False,7,4,0,3,4,0,4,4,5,31,31,False,Below Threshold
VBTX,"Veritex Holdings, Inc.",Financial Services,30.26,30.26,0.86,2.85,2104560,66649485,32.99,27.68,9,SMA50,33.03,-8.38,Broken / Reclaim Needed,2,3.7,3.58,1,-11.51,-9.35,-5.01,2.68,249.46,32.37,31.5,32.1,,,,,,False,7,9,0,0,10,0,0,4,0,30,30,False,Below Threshold
MDLZ,"Mondelez International, Inc.",Consumer Defensive,60.64,60.64,1.1,1.82,7761277,471868985,61.66,59.74,11,BreakoutRetest,63.04,-3.82,Broken / Reclaim Needed,2,4.14,4.83,0,-4.49,-4.72,-2.77,1.02,-6.08,61.78,61.76,62.19,,,,,,False,8,11,0,0,3,0,2,4,2,30,30,False,Below Threshold
CRML,Critical Metals Corp.,Basic Materials,6.69,6.69,0.48,7.22,8524540,66566901,7.05,9.58,3,SMA50,6.94,-3.65,Broken / Reclaim Needed,2,39.51,50.62,0,2.44,-3.74,7.03,2.93,-4.64,6.7,7.1,7.15,,,,,,False,7,3,0,5,6,0,5,4,0,30,30,False,Below Threshold
CFLT,"Confluent, Inc.",Technology,30.99,30.99,0.08,0.27,15728271,480778639,30.58,24.86,15,,,,No Valid Support,0,,,0,-0.66,-0.14,-4.54,0.99,-7.11,,,,,,,,,False,8,15,0,0,0,0,0,4,3,30,30,False,Below Threshold
MNST,Monster Beverage Corporation,Consumer Defensive,43.6,43.6,1.01,2.31,9499549,414332461,45.01,42.54,9,,,,No Valid Support,0,,,0,-1.13,-16.18,0.59,1.12,-0.41,,,,,,,,,False,8,9,0,0,3,0,3,4,3,30,30,False,Below Threshold
QCOM,QUALCOMM Incorporated,Technology,174.14,174.14,6.86,3.94,12885101,2341558260,173.08,169.34,15,BreakoutRetest,196.09,-11.19,Broken / Reclaim Needed,2,14.85,7.35,0,-5.9,-1.37,-9.79,0.99,-13.49,192.17,178.65,183.49,,,,,,False,10,15,0,0,0,0,0,4,0,29,29,False,Below Threshold
SIRI,Sirius XM Holdings Inc.,Communication Services,27.01,27.01,0.73,2.69,4338628,118756796,28.11,25.74,9,BreakoutRetest,29.41,-8.16,Broken / Reclaim Needed,2,4.91,4.56,0,-8.94,-16.92,-6.28,0.83,111.73,28.82,27.48,27.56,,,,,,False,8,9,0,0,4,0,0,4,4,29,29,False,Below Threshold
IONS,"Ionis Pharmaceuticals, Inc.",Healthcare,44.9,44.9,1.7,3.79,3884548,189219485,52.8,69.52,0,Horizontal,42.82,4.86,Buyable,2,9.16,6.4,0,-18.77,-21.28,-19.87,0.81,-13.68,41.96,46.41,46.95,0.51,0.7,,,,False,8,0,14,0,0,2,0,4,0,28,28,False,Below Threshold
AVGO,Broadcom Inc.,Technology,363.09,363.09,10.3,2.84,25327323,9074702559,371.9,368.29,5,,,,No Valid Support,0,,,0,-1.3,-6.47,-5.18,0.98,10.73,,,,,,,,,False,10,5,0,0,4,0,0,4,5,28,28,False,Below Threshold
MARA,"Marathon Digital Holdings, Inc.",Financial Services,9.76,9.76,0.71,7.32,41607583,486594390,11.15,10.98,8,SMA50,11.26,-13.34,Broken / Reclaim Needed,2,27.55,8.32,1,-20.15,-17.99,-13.65,1.66,-365.93,10.9,10.03,10.28,,,,,,False,8,8,0,0,6,0,0,4,0,26,26,False,Below Threshold
AEHR,Aehr Test Systems,Technology,84.0,84.0,8.44,10.05,2687858,244301376,98.01,71.36,12,SMA50,94.7,-11.29,Broken / Reclaim Needed,2,18.51,16.17,0,-12.89,-3.67,-16.78,0.91,-8.84,90.47,99.43,100.7,,,,,,False,8,12,0,0,0,0,0,4,2,26,26,False,Below Threshold
PFG,"Principal Financial Group, Inc.",Financial Services,107.63,107.63,2.31,2.14,1419589,162109086,113.44,102.11,9,SMA50,112.93,-4.69,Broken / Reclaim Needed,2,5.18,3.38,1,-8.95,-8.29,-2.45,1.18,-40.77,110.68,112.07,112.45,,,,,,False,7,9,0,0,3,0,2,4,1,26,26,False,Below Threshold
CSGP,"CoStar Group, Inc.",Real Estate,29.74,29.74,0.97,3.27,6738551,200654230,30.2,39.15,3,,,,No Valid Support,0,,,0,-3.95,-5.5,2.78,1.12,4.0,,,,,,,,,False,8,3,0,0,5,0,4,4,2,26,26,False,Below Threshold
EVRG,"Evergy, Inc.",Utilities,80.44,80.44,1.07,1.33,2241662,179328908,81.17,81.27,6,,,,No Valid Support,0,,,0,-3.04,-10.5,1.58,0.92,2.84,,,,,,,,,False,8,6,0,0,2,0,3,4,3,26,26,False,Below Threshold
HON,Honeywell International Inc.,Industrials,207.1,207.1,3.8,1.83,2791064,582803281,218.13,230.49,3,,,,No Valid Support,0,,,0,0.74,-11.93,4.54,0.89,-12.7,,,,,,,,,False,8,3,0,3,0,0,4,4,4,26,26,False,Below Threshold
PENN,"PENN Entertainment, Inc.",Consumer Cyclical,15.61,15.61,0.64,4.1,3113305,50344865,17.35,16.77,8,,,,No Valid Support,0,,,0,-14.0,-30.05,-12.06,1.05,5.59,,,,,,,,,False,7,8,0,0,7,0,0,4,0,26,26,False,Below Threshold
XEL,Xcel Energy Inc.,Utilities,73.1,73.1,1.2,1.64,5817549,425477421,75.07,78.05,0,,,,No Valid Support,0,,,0,-4.77,-12.03,-0.15,1.14,33.11,,,,,,,,,False,8,0,0,0,7,0,2,4,5,26,26,False,Below Threshold
AUR,"Aurora Innovation, Inc.",Technology,5.78,5.78,0.3,5.2,30264741,183473961,6.22,5.58,9,SMA50,6.32,-8.47,Broken / Reclaim Needed,2,5.09,8.75,0,-11.63,-6.21,-15.52,0.76,20.83,6.17,5.87,6.48,,,,,,False,8,9,0,0,4,0,0,4,0,25,25,False,Below Threshold
EWTX,"Edgewise Therapeutics, Inc.",Healthcare,39.73,39.73,2.11,5.3,1507833,63605928,42.78,35.23,12,SMA50,42.7,-6.95,Broken / Reclaim Needed,2,13.85,5.78,1,-12.12,0.6,-13.21,0.89,-43.03,41.64,40.68,40.77,,,,,,False,7,12,0,2,0,0,0,4,0,25,25,False,Below Threshold
ARCC,Ares Capital Corporation,Financial Services,18.62,18.62,0.29,1.55,4651973,90194210,19.53,19.15,8,,,,No Valid Support,0,,,0,-7.25,-6.48,-0.75,1.15,-6.59,,,,,,,,,False,7,8,0,0,3,0,2,4,1,25,25,False,Below Threshold
MKSI,MKS Inc.,Technology,261.04,261.04,10.22,3.91,1222022,316194650,273.41,274.91,3,,,,No Valid Support,0,,,0,-3.94,-24.81,-7.83,1.14,7.16,,,,,,,,,False,7,3,0,0,7,0,0,4,4,25,25,False,Below Threshold
TXRH,"Texas Roadhouse, Inc.",Consumer Cyclical,161.48,161.48,3.96,2.45,1158807,195482855,185.42,179.32,5,,,,No Valid Support,0,,,0,-12.49,-21.7,-10.55,1.21,6.38,,,,,,,,,False,7,5,0,0,9,0,0,4,0,25,25,False,Below Threshold
FLY,Firefly Aerospace Inc.,Industrials,20.22,20.22,1.68,8.32,3082056,68124670,22.92,27.82,6,SMA50,22.66,-10.75,Broken / Reclaim Needed,2,9.46,9.48,1,-5.91,2.82,-2.11,1.03,-7.8,21.81,21.5,21.78,,,,,,False,7,6,0,2,3,0,2,4,0,24,24,False,Below Threshold
TTEK,"Tetra Tech, Inc.",Industrials,33.47,33.47,1.0,2.99,2002813,70104721,35.26,33.0,9,BreakoutRetest,36.74,-8.9,Broken / Reclaim Needed,2,3.82,5.22,0,-9.88,1.06,-6.08,0.69,0.27,36.01,33.93,34.25,,,,,,False,7,9,0,2,2,0,0,4,0,24,24,False,Below Threshold
VNOM,"Viper Energy, Inc.",Energy,43.28,43.28,1.06,2.45,1861425,78823962,42.97,43.82,7,BreakoutRetest,45.46,-4.78,Broken / Reclaim Needed,2,3.06,3.76,0,-4.79,-5.2,-3.99,0.84,8.36,44.55,43.94,44.13,,,,,,False,7,7,0,0,4,0,0,4,2,24,24,False,Below Threshold
HSIC,"Henry Schein, Inc.",Healthcare,83.58,83.58,2.15,2.57,1163835,100409444,87.6,80.44,9,BreakoutRetest,87.72,-4.72,Broken / Reclaim Needed,2,4.0,4.55,1,-7.01,-8.74,-8.1,1.15,-5.71,85.97,85.19,86.4,,,,,,False,7,9,0,0,3,0,0,4,1,24,24,False,Below Threshold
UAL,"United Airlines Holdings, Inc.",Industrials,105.25,105.25,3.96,3.76,4001500,439461941,114.64,109.02,8,Horizontal,108.56,-3.05,Broken / Reclaim Needed,2,7.09,5.61,0,-5.76,-14.85,-1.96,0.99,-11.2,106.39,110.77,111.58,,,,,,False,8,8,0,0,0,0,2,4,2,24,24,False,Below Threshold
FIVE,"Five Below, Inc.",Consumer Cyclical,210.25,210.25,8.73,4.15,1167947,272839731,234.7,215.48,11,Horizontal,215.96,-2.64,Broken / Reclaim Needed,2,6.6,4.52,0,-15.64,2.91,-13.7,0.71,-4.32,211.59,221.32,223.0,,,,,,False,7,11,0,2,0,0,0,4,0,24,24,False,Below Threshold
CORZ,"Core Scientific, Inc.",Technology,15.19,15.19,0.88,5.82,11197781,190944707,18.1,19.82,3,,,,No Valid Support,0,,,0,-16.92,-31.16,-20.8,1.3,0.09,,,,,,,,,False,8,3,0,0,7,0,0,4,2,24,24,False,Below Threshold
NESR,National Energy Services Reunited Corp.,Energy,23.23,23.23,1.49,6.42,2093290,61617869,31.47,25.26,8,,,,No Valid Support,0,,,0,-32.33,-20.1,-31.53,1.21,-25.0,,,,,,,,,False,7,8,0,0,5,0,0,4,0,24,24,False,Below Threshold
PODD,Insulet Corp.,Healthcare,134.51,134.51,3.77,2.8,1735075,240972641,142.07,189.48,0,,,,No Valid Support,0,,,0,0.33,-21.63,-0.76,1.16,38.8,,,,,,,,,False,7,0,0,3,7,0,2,4,1,24,24,False,Below Threshold
RIOT,"Riot Platforms, Inc.",Financial Services,16.86,16.86,1.32,7.81,15994851,335365111,20.61,19.45,8,SMA50,20.63,-18.29,Broken / Reclaim Needed,2,22.18,30.07,1,-23.07,-13.85,-16.57,1.02,-10.86,19.98,17.18,17.41,,,,,,False,8,8,0,0,3,0,0,4,0,23,23,False,Below Threshold
AMBA,"Ambarella, Inc.",Technology,63.6,63.6,3.45,5.42,1698078,113328417,71.7,67.97,5,BreakoutRetest,71.63,-11.22,Broken / Reclaim Needed,2,11.62,14.38,1,-7.89,-2.96,-11.77,1.23,-24.68,69.9,67.57,68.3,,,,,,False,7,5,0,0,5,0,0,4,2,23,23,False,Below Threshold
ACMR,"ACM Research, Inc.",Technology,70.31,70.31,5.0,7.12,1157176,86087538,76.25,67.89,9,SMA50,77.49,-9.28,Broken / Reclaim Needed,2,19.06,17.33,0,-3.95,-19.83,-7.84,1.12,-13.44,74.99,71.65,78.71,,,,,,False,7,9,0,0,3,0,0,4,0,23,23,False,Below Threshold
AAL,American Airlines Group Inc.,Industrials,12.61,12.61,0.43,3.42,65861070,865081485,13.8,13.77,5,,,,No Valid Support,0,,,0,-4.68,-22.6,-0.88,1.06,-26.06,,,,,,,,,False,9,5,0,0,3,0,2,4,0,23,23,False,Below Threshold
WDC,Western Digital Corporation,Technology,390.52,390.52,26.38,6.76,7497302,3284645584,457.47,405.87,8,,,,No Valid Support,0,,,0,-14.27,-19.78,-18.16,0.77,-4.35,,,,,,,,,False,9,8,0,0,0,0,0,4,2,23,23,False,Below Threshold
SATS,EchoStar Corporation,Communication Services,99.86,99.86,9.84,9.85,11155324,1334599102,123.67,103.32,8,SMA50,125.63,-20.51,Broken / Reclaim Needed,2,9.2,13.59,0,-20.49,-16.76,-17.83,0.95,-24.43,120.71,111.0,111.39,,,,,,False,10,8,0,0,0,0,0,4,0,22,22,False,Below Threshold
CLSK,"CleanSpark, Inc.",Financial Services,10.51,10.51,0.79,7.51,16468623,214032976,12.71,12.57,5,SMA50,12.96,-18.89,Broken / Reclaim Needed,2,23.54,11.5,0,-24.72,-21.96,-18.22,1.34,-22.25,12.56,10.85,11.06,,,,,,False,8,5,0,0,5,0,0,4,0,22,22,False,Below Threshold
HUT,Hut 8 Corp.,Financial Services,80.19,80.19,6.39,7.97,4773479,433744315,90.27,81.35,8,SMA50,93.14,-13.9,Broken / Reclaim Needed,2,24.13,9.41,0,-20.27,-16.18,-13.77,0.93,-5.18,89.95,83.18,90.24,,,,,,False,8,8,0,0,0,0,0,4,2,22,22,False,Below Threshold
SLM,SLM Corporation,Financial Services,22.58,22.58,0.65,2.88,2092645,51040645,25.55,24.04,5,BreakoutRetest,26.15,-13.67,Broken / Reclaim Needed,2,4.81,4.66,0,-14.91,-15.25,-8.41,1.58,-28.25,25.63,22.86,22.95,,,,,,False,7,5,0,0,6,0,0,4,0,22,22,False,Below Threshold
RPRX,Royalty Pharma plc,Healthcare,56.5,56.5,1.12,1.98,3112978,184315199,59.15,51.53,9,BreakoutRetest,62.46,-9.55,Broken / Reclaim Needed,2,6.13,3.79,0,-5.21,-6.91,-6.3,0.77,-2.88,61.21,58.84,59.44,,,,,,False,8,9,0,0,0,0,0,4,1,22,22,False,Below Threshold
COLB,"Columbia Banking System, Inc.",Financial Services,28.25,28.25,0.61,2.17,2831236,83560561,30.25,29.81,8,BreakoutRetest,30.24,-6.6,Broken / Reclaim Needed,2,3.77,3.94,1,-7.79,-19.4,-1.29,0.93,-3.16,29.64,29.25,29.66,,,,,,False,7,8,0,0,0,0,2,4,1,22,22,False,Below Threshold
SBUX,Starbucks Corporation,Consumer Cyclical,91.68,91.68,2.27,2.48,7488161,726409594,101.28,98.93,8,,,,No Valid Support,0,,,0,-8.75,-18.84,-6.8,0.77,-19.46,,,,,,,,,False,9,8,0,0,0,0,0,4,1,22,22,False,Below Threshold
GEN,Gen Digital Inc.,Technology,22.98,22.98,1.36,5.91,10644797,266361031,27.56,24.47,5,BreakoutRetest,29.87,-23.07,Broken / Reclaim Needed,2,6.45,5.0,0,-25.66,-18.36,-29.55,0.63,27.41,29.19,25.12,25.25,,,,,,False,8,5,0,0,4,0,0,4,0,21,21,False,Below Threshold
SRPT,"Sarepta Therapeutics, Inc.",Healthcare,18.05,18.05,0.85,4.73,2838174,56927457,19.06,19.03,8,BreakoutRetest,20.88,-13.55,Broken / Reclaim Needed,2,19.02,10.29,0,-13.34,1.32,-14.43,0.94,-10.01,20.45,18.69,18.73,,,,,,False,7,8,0,2,0,0,0,4,0,21,21,False,Below Threshold
LUNR,"Intuitive Machines, Inc.",Industrials,13.39,13.39,0.96,7.13,7384202,108952737,15.45,20.25,6,SMA50,15.27,-12.31,Broken / Reclaim Needed,2,6.74,8.43,1,-8.29,-3.81,-4.49,1.19,-28.07,14.79,14.89,16.03,,,,,,False,8,6,0,0,3,0,0,4,0,21,21,False,Below Threshold
NBIX,"Neurocrine Biosciences, Inc.",Healthcare,140.82,140.82,3.57,2.53,1262446,185297958,151.93,147.23,5,BreakoutRetest,158.63,-11.22,Broken / Reclaim Needed,2,3.13,5.02,0,-11.46,-21.35,-12.55,1.12,2.58,155.46,142.82,146.92,,,,,,False,7,5,0,0,5,0,0,4,0,21,21,False,Below Threshold
NVTS,Navitas Semiconductor Corp,Technology,10.88,10.88,0.77,7.09,13556711,157570529,12.11,13.3,6,SMA50,12.04,-9.61,Broken / Reclaim Needed,2,15.08,8.23,1,-8.01,-10.88,-11.89,1.09,-2.9,11.66,11.63,12.52,,,,,,False,8,6,0,0,3,0,0,4,0,21,21,False,Below Threshold
ZION,"Zions Bancorporation, National Association",Financial Services,62.48,62.48,1.23,1.98,1427568,93208560,67.22,63.46,8,BreakoutRetest,69.08,-9.55,Broken / Reclaim Needed,2,5.13,4.11,0,-10.72,-18.21,-4.22,0.79,2.35,67.7,63.39,63.75,,,,,,False,7,8,0,0,2,0,0,4,0,21,21,False,Below Threshold
TMUS,"T-Mobile US, Inc.",Communication Services,153.62,153.62,4.48,2.92,4849676,828709899,174.95,190.41,0,Horizontal,160.98,-4.57,Broken / Reclaim Needed,2,5.36,6.83,0,-17.34,-23.78,-14.68,1.0,132.65,157.76,167.74,180.38,,,,,,False,8,0,0,0,7,0,0,4,2,21,21,False,Below Threshold
ALGM,"Allegro MicroSystems, Inc.",Technology,35.29,35.29,1.68,4.77,2482554,89806385,37.79,40.54,3,,,,No Valid Support,0,,,0,-4.41,-28.55,-8.3,1.46,-10.95,,,,,,,,,False,7,3,0,0,5,0,0,4,2,21,21,False,Below Threshold
CELH,"Celsius Holdings, Inc.",Consumer Defensive,27.96,27.96,1.11,3.95,6725319,191977958,29.26,36.05,0,,,,No Valid Support,0,,,0,1.12,-10.18,2.84,0.86,-51.57,,,,,,,,,False,8,0,0,3,0,0,4,4,2,21,21,False,Below Threshold
GLPI,"Gaming and Leisure Properties, Inc.",Real Estate,38.24,38.24,0.65,1.7,3969209,159839539,41.27,44.96,0,,,,No Valid Support,0,,,0,-6.58,-18.79,0.14,1.03,0.79,,,,,,,,,False,8,0,0,0,5,0,3,4,1,21,21,False,Below Threshold
ROST,"Ross Stores, Inc.",Consumer Cyclical,221.73,221.73,4.67,2.11,1976301,453422915,235.47,218.93,9,,,,No Valid Support,0,,,0,-5.51,-8.16,-3.56,0.88,-15.51,,,,,,,,,False,7,9,0,0,0,0,0,4,1,21,21,False,Below Threshold
LQDA,Liquidia Corporation,Healthcare,26.99,26.99,6.46,23.95,3543227,136397093,66.06,54.01,8,BreakoutRetest,66.78,-59.58,Broken / Reclaim Needed,2,13.69,11.97,1,-61.16,-67.58,-62.25,0.54,-37.9,63.55,37.6,38.25,,,,,,False,8,8,0,0,0,0,0,4,0,20,20,False,Below Threshold
ARWR,"Arrowhead Pharmaceuticals, Inc.",Healthcare,61.88,61.88,2.52,4.07,2055441,146002470,78.37,72.36,8,BreakoutRetest,84.55,-26.81,Broken / Reclaim Needed,2,6.22,4.38,0,-26.91,-16.74,-28.0,0.99,-142.69,82.86,62.81,64.86,,,,,,False,8,8,0,0,0,0,0,4,0,20,20,False,Below Threshold
TVTX,"Travere Therapeutics, Inc.",Healthcare,51.98,51.98,2.43,4.68,1668495,101654377,62.02,45.48,9,SMA50,61.68,-15.73,Broken / Reclaim Needed,2,7.26,5.38,1,-23.05,-9.41,-24.14,0.89,-65.63,60.44,57.62,57.84,,,,,,False,7,9,0,0,0,0,0,4,0,20,20,False,Below Threshold
CYTK,"Cytokinetics, Incorporated",Healthcare,62.53,62.53,2.16,3.45,2205161,149977652,71.83,70.14,8,BreakoutRetest,73.47,-14.89,Broken / Reclaim Needed,2,9.07,4.96,0,-16.84,-25.63,-17.93,0.81,-31.68,72.0,63.98,64.68,,,,,,False,8,8,0,0,0,0,0,4,0,20,20,False,Below Threshold
RGTI,"Rigetti Computing, Inc.",Technology,13.88,13.88,0.81,5.82,15504324,241043520,16.15,18.09,3,SMA50,15.98,-13.16,Broken / Reclaim Needed,2,15.42,9.96,1,-10.74,-5.03,-14.62,1.22,-3.47,15.57,15.41,16.12,,,,,,False,8,3,0,0,5,0,0,4,0,20,20,False,Below Threshold
BMRN,BioMarin Pharmaceutical Inc.,Healthcare,54.97,54.97,1.54,2.81,2038523,126316412,63.49,58.69,8,SMA50,63.2,-13.03,Broken / Reclaim Needed,2,5.21,3.7,1,-17.91,-11.83,-19.0,0.69,-39.99,61.94,56.05,56.06,,,,,,False,8,8,0,0,0,0,0,4,0,20,20,False,Below Threshold
PCAR,PACCAR Inc,Industrials,108.83,108.83,2.39,2.19,3344368,385711755,122.13,120.67,8,BreakoutRetest,123.03,-11.54,Broken / Reclaim Needed,2,3.44,3.16,1,-12.92,-17.52,-9.12,0.89,-9.73,120.57,112.35,113.82,,,,,,False,8,8,0,0,0,0,0,4,0,20,20,False,Below Threshold
VRSK,"Verisk Analytics, Inc.",Technology,177.36,177.36,4.38,2.47,1185404,208565187,180.45,188.81,3,BreakoutRetest,194.96,-9.03,Broken / Reclaim Needed,2,4.32,3.6,0,-0.94,-15.41,-4.83,0.83,5.13,191.06,181.77,184.14,,,,,,False,7,3,0,0,4,0,0,4,2,20,20,False,Below Threshold
INCY,Incyte Corporation,Healthcare,111.99,111.99,3.25,2.9,1578566,192566111,122.59,107.2,9,SMA50,121.64,-7.93,Broken / Reclaim Needed,2,5.01,7.29,1,-9.41,-7.43,-10.5,0.8,-19.62,119.2,115.56,118.69,,,,,,False,7,9,0,0,0,0,0,4,0,20,20,False,Below Threshold
DFTX,"Definium Therapeutics, Inc.",Healthcare,37.08,37.08,1.95,5.27,2237958,85087192,40.41,27.99,9,,,,No Valid Support,0,,,0,-6.25,-19.36,-7.35,0.83,-12.27,,,,,,,,,False,7,9,0,0,0,0,0,4,0,20,20,False,Below Threshold
DYN,"Dyne Therapeutics, Inc.",Healthcare,17.12,17.12,0.79,4.59,3512324,64265877,21.59,19.53,5,,,,No Valid Support,0,,,0,-7.59,-28.09,-8.68,1.03,-5.03,,,,,,,,,False,7,5,0,0,3,0,0,4,1,20,20,False,Below Threshold
ELVN,"Enliven Therapeutics, Inc.",Healthcare,41.4,41.4,1.94,4.68,1362076,67618981,54.0,41.05,9,,,,No Valid Support,0,,,0,-25.4,-22.05,-26.49,0.63,-7.03,,,,,,,,,False,7,9,0,0,0,0,0,4,0,20,20,False,Below Threshold
ENPH,"Enphase Energy, Inc.",Energy,32.29,32.29,1.49,4.62,4497225,155809097,36.61,41.24,3,,,,No Valid Support,0,,,0,-12.77,-24.83,-11.98,1.01,1.77,,,,,,,,,False,8,3,0,0,5,0,0,4,0,20,20,False,Below Threshold
NKTR,Nektar Therapeutics,Healthcare,41.04,41.04,4.52,11.01,1539470,87664469,66.47,65.29,8,BreakoutRetest,73.98,-44.52,Broken / Reclaim Needed,2,9.21,9.99,0,-42.76,-42.22,-43.85,0.55,-14.94,71.72,62.4,67.96,,,,,,False,7,8,0,0,0,0,0,4,0,19,19,False,Below Threshold
ALM,Almonty Industries Inc.,Basic Materials,11.46,11.46,0.87,7.59,6222043,92901096,14.99,15.8,3,BreakoutRetest,19.06,-39.9,Broken / Reclaim Needed,2,8.72,9.79,0,-27.65,-16.53,-23.06,1.21,-62.42,18.63,13.77,14.07,,,,,,False,7,3,0,0,5,0,0,4,0,19,19,False,Below Threshold
SRRK,Scholar Rock Holding Corporation,Healthcare,41.9,41.9,2.27,5.43,1997216,98531221,51.46,48.36,8,BreakoutRetest,57.15,-26.68,Broken / Reclaim Needed,2,5.01,6.76,0,-25.98,-22.44,-27.07,0.86,-319.01,56.01,46.19,47.69,,,,,,False,7,8,0,0,0,0,0,4,0,19,19,False,Below Threshold
IMVT,"Immunovant, Inc.",Healthcare,30.1,30.1,1.42,4.73,1451986,52187030,38.39,31.86,8,BreakoutRetest,39.28,-23.37,Broken / Reclaim Needed,2,4.49,4.73,0,-21.03,-26.18,-22.12,0.88,-34.18,38.49,32.89,34.6,,,,,,False,7,8,0,0,0,0,0,4,0,19,19,False,Below Threshold
AXGN,"AxoGen, Inc.",Healthcare,36.16,36.16,1.72,4.76,1368883,57859409,45.31,39.07,8,SMA50,45.13,-19.89,Broken / Reclaim Needed,2,8.02,6.43,1,-15.84,-12.54,-16.93,0.91,-18.62,44.23,39.99,40.87,,,,,,False,7,8,0,0,0,0,0,4,0,19,19,False,Below Threshold
CHDN,Churchill Downs Incorporated,Consumer Cyclical,79.85,79.85,3.21,4.01,1160895,93806593,84.23,90.26,0,BreakoutRetest,90.54,-11.81,Broken / Reclaim Needed,2,5.19,5.19,0,-6.38,-10.9,-4.44,0.89,21.11,88.73,83.68,85.48,,,,,,False,7,0,0,0,4,0,0,4,4,19,19,False,Below Threshold
QUBT,"Quantum Computing, Inc.",Technology,7.39,7.39,0.4,5.4,6746276,56094827,8.42,9.1,3,SMA50,8.36,-11.57,Broken / Reclaim Needed,2,19.32,5.29,1,-9.12,-6.71,-13.0,1.44,-13.05,8.16,7.48,7.71,,,,,,False,7,3,0,0,5,0,0,4,0,19,19,False,Below Threshold
AXON,"Axon Enterprise, Inc.",Industrials,419.22,419.22,15.66,3.74,1045570,481050846,518.61,493.01,5,,,,No Valid Support,0,,,0,-14.14,-26.05,-10.34,1.08,-8.71,,,,,,,,,False,7,5,0,0,3,0,0,4,0,19,19,False,Below Threshold
FTAI,FTAI Aviation Ltd.,Industrials,169.34,169.34,7.71,4.56,1363025,247762836,194.37,235.66,3,,,,No Valid Support,0,,,0,-10.59,-20.31,-6.79,1.22,-8.62,,,,,,,,,False,7,3,0,0,5,0,0,4,0,19,19,False,Below Threshold
PEP,"PepsiCo, Inc.",Consumer Defensive,125.86,125.86,2.56,2.03,9283045,1222363661,135.51,146.68,0,,,,No Valid Support,0,,,0,-9.28,-13.17,-7.56,1.05,2.12,,,,,,,,,False,9,0,0,0,5,0,0,4,1,19,19,False,Below Threshold
SFM,"Sprouts Farmers Market, Inc.",Consumer Defensive,65.17,65.17,2.34,3.59,2021707,141522556,75.97,77.51,0,,,,No Valid Support,0,,,0,-12.03,-14.98,-10.31,1.12,26.72,,,,,,,,,False,8,0,0,0,7,0,0,4,0,19,19,False,Below Threshold
CIFR,Cipher Mining Inc.,Technology,13.25,13.25,1.09,8.22,32856277,541426928,16.92,18.3,0,BreakoutRetest,18.23,-27.3,Broken / Reclaim Needed,2,12.41,19.19,0,-22.94,-28.64,-26.83,1.27,-32.7,17.69,15.38,16.28,,,,,,False,9,0,0,0,5,0,0,4,0,18,18,False,Below Threshold
CMCSA,Comcast Corporation,Communication Services,20.82,20.82,0.55,2.62,29385580,685224075,24.46,26.54,0,BreakoutRetest,26.49,-21.39,Broken / Reclaim Needed,2,3.5,5.21,0,-18.96,-17.03,-16.3,1.2,-11.99,25.96,22.0,23.13,,,,,,False,9,0,0,0,5,0,0,4,0,18,18,False,Below Threshold
VKTX,"Viking Therapeutics, Inc.",Healthcare,28.42,28.42,3.18,11.18,6697677,233177706,32.79,33.0,0,BreakoutRetest,34.99,-18.76,Broken / Reclaim Needed,2,24.46,11.22,0,-12.72,-25.28,-13.81,1.58,-132.14,33.4,30.1,30.8,,,,,,False,8,0,0,0,6,0,0,4,0,18,18,False,Below Threshold
NFLX,"Netflix, Inc.",Communication Services,71.25,71.25,1.52,2.14,33338421,2451964835,75.35,83.46,0,BreakoutRetest,82.46,-13.59,Broken / Reclaim Needed,2,4.57,4.11,0,-9.55,-7.61,-6.88,0.94,6.68,80.81,73.76,75.3,,,,,,False,10,0,0,0,4,0,0,4,0,18,18,False,Below Threshold
STEP,StepStone Group Inc.,Financial Services,44.23,44.23,1.71,3.88,1096320,51892411,47.85,51.39,3,SMA50,47.34,-6.57,Broken / Reclaim Needed,2,8.03,4.87,1,-11.19,-1.31,-4.69,0.93,24.15,46.4,45.1,45.58,,,,,,False,7,3,0,0,4,0,0,4,0,18,18,False,Below Threshold
AMKR,"Amkor Technology, Inc.",Technology,49.07,49.07,2.48,5.04,3779785,190601722,51.68,57.58,3,SMA50,52.51,-6.55,Broken / Reclaim Needed,2,7.1,8.29,0,-6.74,-25.57,-10.63,1.14,-9.29,51.27,51.04,51.5,,,,,,False,8,3,0,0,3,0,0,4,0,18,18,False,Below Threshold
REG,Regency Centers Corporation,Real Estate,71.62,71.62,0.91,1.27,1317126,96876340,74.94,76.39,3,,,,No Valid Support,0,,,0,-5.62,-16.5,1.1,0.81,-19.34,,,,,,,,,False,7,3,0,0,0,0,3,4,1,18,18,False,Below Threshold
DKNG,DraftKings Inc.,Consumer Cyclical,19.64,19.64,1.14,5.79,13830513,300693170,23.11,25.35,0,BreakoutRetest,24.84,-20.95,Broken / Reclaim Needed,2,5.78,7.63,0,-22.24,-24.39,-20.29,1.18,0.09,24.27,20.35,22.13,,,,,,False,8,0,0,0,5,0,0,4,0,17,17,False,Below Threshold
BULL,Webull Corporation Class A Ordinary Shares,Technology,6.2,6.2,0.43,6.97,15588217,122353813,8.06,7.02,5,BreakoutRetest,7.2,-13.85,Broken / Reclaim Needed,2,8.56,10.93,0,-34.33,-20.95,-38.21,0.69,-12.49,6.98,6.46,6.64,,,,,,False,8,5,0,0,0,0,0,4,0,17,17,False,Below Threshold
BBIO,"BridgeBio Pharma, Inc.",Healthcare,65.2,65.2,2.4,3.67,2672614,184117095,74.53,73.34,5,BreakoutRetest,69.51,-6.19,Broken / Reclaim Needed,2,4.54,5.09,0,-11.59,-22.24,-12.68,0.95,-8.34,68.12,67.2,67.34,,,,,,False,8,5,0,0,0,0,0,4,0,17,17,False,Below Threshold
ONDS,Ondas Holdings Inc.,Technology,6.72,6.72,0.39,5.75,58551664,433715574,7.95,9.41,0,Horizontal,7.15,-6.01,Broken / Reclaim Needed,2,10.31,8.01,0,-8.65,-2.38,-12.54,1.26,-13.71,6.96,7.53,7.69,,,,,,False,8,0,0,0,5,0,0,4,0,17,17,False,Below Threshold
UPST,"Upstart Holdings, Inc.",Financial Services,24.24,24.24,1.0,4.14,4276945,108132265,27.17,31.68,0,,,,No Valid Support,0,,,0,-6.88,-24.94,-0.38,0.99,1.37,,,,,,,,,False,8,0,0,0,2,0,2,4,1,17,17,False,Below Threshold
VISN,"Vistance Networks, Inc.",Technology,6.04,6.04,0.18,2.94,8169914,51633981,8.35,13.84,0,,,,No Valid Support,0,,,0,-8.47,-53.48,-12.36,1.68,-2.42,,,,,,,,,False,7,0,0,0,6,0,0,4,0,17,17,False,Below Threshold
CENX,Century Aluminum Company,Basic Materials,36.82,36.82,1.24,3.37,1701971,68641355,43.04,50.56,3,BreakoutRetest,47.5,-22.48,Broken / Reclaim Needed,2,9.92,5.85,0,-18.01,-17.0,-13.42,0.62,-11.29,46.55,37.45,41.45,,,,,,False,7,3,0,0,0,0,0,4,2,16,16,False,Below Threshold
APP,AppLovin Corporation,Technology,279.1,279.1,12.68,4.54,5044464,1544214444,318.21,445.8,0,BreakoutRetest,326.2,-14.44,Broken / Reclaim Needed,2,4.64,8.74,0,-15.45,-39.2,-19.33,1.02,-32.66,319.68,319.42,322.74,,,,,,False,9,0,0,0,3,0,0,4,0,16,16,False,Below Threshold
SOFI,"SoFi Technologies, Inc.",Financial Services,15.76,15.76,0.52,3.27,43006047,723067575,17.39,18.67,0,BreakoutRetest,17.67,-10.84,Broken / Reclaim Needed,2,4.91,6.71,1,-10.64,-12.47,-4.14,1.13,-122.23,17.32,16.25,16.32,,,,,,False,9,0,0,0,3,0,0,4,0,16,16,False,Below Threshold
ALNY,"Alnylam Pharmaceuticals, Inc.",Healthcare,231.88,231.88,9.68,4.18,1465073,358982250,237.37,298.57,0,Horizontal,236.98,-2.15,Broken / Reclaim Needed,2,9.01,8.11,1,-8.36,-21.54,-9.45,0.66,0.36,232.14,242.89,244.03,,,,,,False,7,0,0,0,2,0,0,4,3,16,16,False,Below Threshold
CCCS,CCC Intelligent Solutions Holdings Inc.,Technology,8.75,8.75,0.29,3.33,5973788,54860751,9.42,9.54,0,,,,No Valid Support,0,,,0,-6.7,-13.23,-10.59,0.78,0.58,,,,,,,,,False,7,0,0,0,2,0,0,4,3,16,16,False,Below Threshold
EXE,Expand Energy Corporation,Energy,88.88,88.88,1.92,2.16,3021677,272208671,92.73,97.91,0,,,,No Valid Support,0,,,0,-7.87,-2.64,-7.08,0.74,0.21,,,,,,,,,False,8,0,0,0,2,0,0,4,2,16,16,False,Below Threshold
FSLR,"First Solar, Inc.",Energy,177.55,177.55,6.91,3.89,2245290,428548850,205.03,222.07,0,,,,No Valid Support,0,,,0,-16.66,-19.66,-15.87,0.86,7.47,,,,,,,,,False,8,0,0,0,4,0,0,4,0,16,16,False,Below Threshold
OZK,Bank OZK,Financial Services,44.47,44.47,1.06,2.38,1346727,63170901,48.85,48.42,5,,,,No Valid Support,0,,,0,-11.01,-19.67,-4.5,0.89,-104.26,,,,,,,,,False,7,5,0,0,0,0,0,4,0,16,16,False,Below Threshold
FIGR,"Figure Technology Solutions, Inc. Class A Common Stock",Financial Services,28.28,28.28,1.77,6.25,4571752,151037099,32.81,36.17,0,BreakoutRetest,36.39,-22.27,Broken / Reclaim Needed,2,7.86,9.21,0,-20.49,-11.81,-13.98,1.12,-45.94,35.51,28.7,29.92,,,,,,False,8,0,0,0,3,0,0,4,0,15,15,False,Below Threshold
INSM,Insmed Incorporated,Healthcare,99.91,99.91,5.03,5.04,2461614,285940024,119.63,131.06,3,SMA50,118.54,-15.72,Broken / Reclaim Needed,2,4.32,5.28,2,-24.4,-10.46,-25.49,0.87,-26.01,116.02,105.29,109.95,,,,,,False,8,3,0,0,0,0,0,4,0,15,15,False,Below Threshold
FISV,"Fiserv, Inc.",Technology,45.71,45.71,1.27,2.79,6971785,336957991,50.2,56.19,0,BreakoutRetest,53.43,-14.45,Broken / Reclaim Needed,2,3.23,4.01,0,-12.98,-15.06,-16.87,1.12,-3.82,52.36,46.28,46.3,,,,,,False,8,0,0,0,3,0,0,4,0,15,15,False,Below Threshold
GLXY,Galaxy Digital,Financial Services,20.29,20.29,1.43,7.06,4886466,116873255,23.01,24.82,0,SMA50,22.99,-11.76,Broken / Reclaim Needed,2,26.1,8.29,1,-18.45,-12.49,-11.94,1.07,-11.31,22.28,22.3,22.55,,,,,,False,8,0,0,0,3,0,0,4,0,15,15,False,Below Threshold
WULF,TeraWulf Inc.,Financial Services,13.8,13.8,0.91,6.57,27741020,434924435,16.13,18.12,3,Horizontal,14.4,-4.2,Broken / Reclaim Needed,2,24.17,13.09,0,-19.19,-26.71,-12.69,0.94,-5.29,13.95,15.42,15.6,,,,,,False,8,3,0,0,0,0,0,4,0,15,15,False,Below Threshold
CG,The Carlyle Group Inc.,Financial Services,38.28,38.28,1.19,3.11,3250275,135096721,44.68,49.06,0,,,,No Valid Support,0,,,0,-11.19,-21.35,-4.69,1.04,-11.3,,,,,,,,,False,8,0,0,0,3,0,0,4,0,15,15,False,Below Threshold
COO,"The Cooper Companies, Inc.",Healthcare,54.38,54.38,1.32,2.44,4700638,268039930,65.33,70.7,0,,,,No Valid Support,0,,,0,-0.72,-29.04,-1.81,0.96,-32.66,,,,,,,,,False,8,0,0,0,0,0,2,4,1,15,15,False,Below Threshold
FHB,"First Hawaiian, Inc.",Financial Services,24.73,24.73,0.43,1.74,2079456,52702140,26.07,26.64,0,,,,No Valid Support,0,,,0,-5.6,-20.23,0.9,0.89,-19.39,,,,,,,,,False,7,0,0,0,0,0,3,4,1,15,15,False,Below Threshold
QBTS,D-Wave Quantum Inc.,Technology,14.38,14.38,0.87,6.08,15279041,255399392,17.9,20.52,0,,,,No Valid Support,0,,,0,-16.04,-18.48,-19.92,1.07,-4.85,,,,,,,,,False,8,0,0,0,3,0,0,4,0,15,15,False,Below Threshold
USAR,USA Rare Earth Inc,Basic Materials,12.56,12.56,0.68,5.41,12663477,196771085,16.62,19.28,0,,,,No Valid Support,0,,,0,-20.85,-24.46,-16.25,1.02,-176.98,,,,,,,,,False,8,0,0,0,3,0,0,4,0,15,15,False,Below Threshold
Z,"Zillow Group, Inc. Class C",Communication Services,28.62,28.62,1.18,4.13,4008279,120888634,32.37,41.73,0,,,,No Valid Support,0,,,0,-13.54,-19.46,-10.87,1.02,-2.22,,,,,,,,,False,8,0,0,0,3,0,0,4,0,15,15,False,Below Threshold
SIVB,SVB Financial Group,Financial Services,106.04,106.04,21.42,20.2,1990893,347561636,276.24,330.89,3,BreakoutRetest,305.68,-65.31,Broken / Reclaim Needed,2,16.49,5.01,0,-68.5,-55.3,-62.0,0.15,-235.33,294.96,219.8,235.85,,,,,,False,7,3,0,0,0,0,0,4,0,14,14,False,Below Threshold
CPRT,"Copart, Inc.",Industrials,27.5,27.5,0.66,2.4,9704438,286971687,30.24,33.2,0,BreakoutRetest,31.62,-13.04,Broken / Reclaim Needed,2,8.0,4.94,0,-9.79,-6.24,-5.99,0.83,1.38,30.99,28.76,29.86,,,,,,False,8,0,0,0,2,0,0,4,0,14,14,False,Below Threshold
AVAV,"AeroVironment, Inc.",Industrials,137.14,137.14,6.59,4.8,1981379,293335776,157.05,198.76,0,SMA50,157.61,-12.99,Broken / Reclaim Needed,2,13.77,6.4,1,-8.12,-11.58,-4.32,1.07,-60.97,154.32,145.44,151.88,,,,,,False,7,0,0,0,3,0,0,4,0,14,14,False,Below Threshold
LKQ,LKQ Corporation,Consumer Cyclical,21.77,21.77,0.58,2.65,3124845,73760421,24.11,28.01,0,,,,No Valid Support,0,,,0,-11.31,-19.74,-9.36,1.12,-524.72,,,,,,,,,False,7,0,0,0,3,0,0,4,0,14,14,False,Below Threshold
ASTS,"AST SpaceMobile, Inc.",Communication Services,51.22,51.22,4.2,8.2,10952011,656603990,62.85,80.75,0,SMA50,62.8,-18.43,Broken / Reclaim Needed,2,7.29,10.23,1,-16.03,-10.32,-13.36,0.89,-18.28,60.7,63.7,64.63,,,,,,False,9,0,0,0,0,0,0,4,0,13,13,False,Below Threshold
CHRW,"C.H. Robinson Worldwide, Inc.",Industrials,142.1,142.1,6.15,4.33,1732049,254398571,148.22,171.7,0,BreakoutRetest,150.8,-5.77,Broken / Reclaim Needed,2,7.44,7.57,0,-8.59,-34.37,-4.79,0.48,-9.72,147.73,150.8,153.25,,,,,,False,7,0,0,0,0,0,0,4,2,13,13,False,Below Threshold
FLNC,"Fluence Energy, Inc.",Utilities,7.42,7.42,0.43,5.82,7508412,63260638,10.29,16.63,0,,,,No Valid Support,0,,,0,-26.93,-52.01,-22.3,0.91,1.57,,,,,,,,,False,7,0,0,0,2,0,0,4,0,13,13,False,Below Threshold
RUN,Sunrun Inc.,Energy,7.66,7.66,0.36,4.75,7538192,62315698,8.87,13.28,0,,,,No Valid Support,0,,,0,-12.11,-40.34,-11.32,0.67,-13.68,,,,,,,,,False,7,0,0,0,0,0,0,4,2,13,13,False,Below Threshold
CHTR,"Charter Communications, Inc.",Communication Services,105.86,105.86,5.07,4.79,2963970,376075294,137.39,172.39,0,BreakoutRetest,150.54,-29.68,Broken / Reclaim Needed,2,8.11,8.82,0,-28.98,-24.04,-26.32,0.94,-2.58,147.53,112.87,136.98,,,,,,False,8,0,0,0,0,0,0,4,0,12,12,False,Below Threshold
TTD,"The Trade Desk, Inc.",Communication Services,12.18,12.18,0.42,3.48,23054432,310665133,13.9,21.97,0,BreakoutRetest,14.7,-17.16,Broken / Reclaim Needed,2,12.57,6.91,0,-16.68,-39.74,-14.01,0.67,-0.25,14.41,14.7,15.26,,,,,,False,8,0,0,0,0,0,0,4,0,12,12,False,Below Threshold
HBAN,Huntington Bancshares Incorporated,Financial Services,15.25,15.25,0.32,2.1,28077558,446864061,16.56,16.86,0,BreakoutRetest,16.36,-6.79,Broken / Reclaim Needed,2,3.47,3.46,1,-11.15,-21.27,-4.65,0.86,-14.36,16.03,15.45,15.73,,,,,,False,8,0,0,0,0,0,0,4,0,12,12,False,Below Threshold
SOUN,"SoundHound AI, Inc.",Technology,5.48,5.48,0.21,3.83,19093878,119906632,6.54,7.66,0,Horizontal,5.82,-5.84,Broken / Reclaim Needed,2,6.69,6.88,0,-14.06,-16.59,-17.95,0.92,-3.2,5.7,6.17,6.21,,,,,,False,8,0,0,0,0,0,0,4,0,12,12,False,Below Threshold
GNTX,Gentex Corporation,Consumer Cyclical,21.02,21.02,0.43,2.07,2284529,50814094,22.82,23.33,0,Horizontal,21.96,-4.33,Broken / Reclaim Needed,2,3.35,3.34,0,-9.39,-19.07,-7.44,0.92,-5.12,21.53,22.1,22.21,,,,,,False,7,0,0,0,0,0,0,4,1,12,12,False,Below Threshold
RIVN,"Rivian Automotive, Inc.",Consumer Cyclical,14.22,14.22,0.55,3.9,23223145,353117895,15.52,16.02,0,Horizontal,14.82,-4.03,Broken / Reclaim Needed,2,8.5,5.74,0,-12.9,-20.24,-10.96,0.93,-44.79,14.52,14.83,15.36,,,,,,False,8,0,0,0,0,0,0,4,0,12,12,False,Below Threshold
AGNC,AGNC Investment Corp.,Real Estate,8.6,8.6,0.24,2.83,37300839,360547778,10.21,10.67,0,,,,No Valid Support,0,,,0,-16.87,-28.2,-10.15,0.66,-56.31,,,,,,,,,False,8,0,0,0,0,0,0,4,0,12,12,False,Below Threshold
KTOS,"Kratos Defense & Security Solutions, Inc.",Industrials,42.24,42.24,2.02,4.79,4089184,186997436,50.69,68.15,0,,,,No Valid Support,0,,,0,-11.13,-13.49,-7.33,0.81,-18.11,,,,,,,,,False,8,0,0,0,0,0,0,4,0,12,12,False,Below Threshold
PTCT,"PTC Therapeutics, Inc.",Healthcare,63.14,63.14,2.1,3.32,1133165,74563707,68.31,71.83,0,,,,No Valid Support,0,,,0,-6.02,-23.02,-7.11,0.85,-6.56,,,,,,,,,False,7,0,0,0,0,0,0,4,1,12,12,False,Below Threshold
WYNN,"Wynn Resorts, Limited",Consumer Cyclical,76.06,76.06,2.55,3.35,2198741,182749383,90.45,101.86,0,,,,No Valid Support,0,,,0,-14.87,-25.91,-12.93,0.81,-37.43,,,,,,,,,False,8,0,0,0,0,0,0,4,0,12,12,False,Below Threshold
CELC,Celcuity Inc.,Healthcare,67.9,67.9,4.89,7.21,1120835,89085883,85.83,103.66,0,BreakoutRetest,92.66,-26.73,Broken / Reclaim Needed,2,11.07,6.37,0,-20.24,-26.54,-21.33,0.85,-2.78,90.21,76.29,85.5,,,,,,False,7,0,0,0,0,0,0,4,0,11,11,False,Below Threshold
LUMN,"Lumen Technologies, Inc.",Communication Services,5.24,5.24,0.3,5.76,13174055,82252380,6.23,7.5,0,BreakoutRetest,6.87,-23.73,Broken / Reclaim Needed,2,11.85,7.5,0,-26.1,-20.39,-23.43,0.8,-676.42,6.72,6.0,6.25,,,,,,False,7,0,0,0,0,0,0,4,0,11,11,False,Below Threshold
COGT,"Cogent Biosciences, Inc.",Healthcare,30.38,30.38,1.27,4.18,1956111,63436527,35.03,36.15,0,BreakoutRetest,35.95,-15.48,Broken / Reclaim Needed,2,5.12,4.93,0,-10.66,-23.35,-11.75,0.95,-12.42,35.23,32.76,32.85,,,,,,False,7,0,0,0,0,0,0,4,0,11,11,False,Below Threshold
VERA,"Vera Therapeutics, Inc.",Healthcare,29.88,29.88,1.71,5.72,2296429,76149269,32.67,38.52,0,SMA50,34.34,-13.01,Broken / Reclaim Needed,2,12.31,6.41,0,-16.37,-27.07,-17.46,0.73,-231.06,33.49,33.09,33.48,,,,,,False,7,0,0,0,0,0,0,4,0,11,11,False,Below Threshold
WSC,WillScot Holdings Corporation,Industrials,16.84,16.84,0.63,3.76,2757425,50515742,20.35,22.15,0,Horizontal,17.77,-5.23,Broken / Reclaim Needed,2,5.5,5.41,0,-11.33,-40.93,-7.53,0.86,-5.66,17.42,17.71,18.3,,,,,,False,7,0,0,0,0,0,0,4,0,11,11,False,Below Threshold
ALHC,"Alignment Healthcare, Inc.",Healthcare,7.26,7.26,0.67,9.19,10724256,98111454,11.51,17.72,0,,,,No Valid Support,0,,,0,-44.07,-67.22,-45.16,0.57,-2.13,,,,,,,,,False,7,0,0,0,0,0,0,4,0,11,11,False,Below Threshold
CALM,"Cal-Maine Foods, Inc.",Consumer Defensive,64.87,64.87,2.6,4.01,1243175,87097780,76.18,79.62,0,,,,No Valid Support,0,,,0,-13.92,-29.96,-12.2,0.87,-3016.37,,,,,,,,,False,7,0,0,0,0,0,0,4,0,11,11,False,Below Threshold
RCAT,"Red Cat Holdings, Inc.",Industrials,5.82,5.82,0.28,4.83,7731967,55301790,8.13,10.91,0,,,,No Valid Support,0,,,0,-28.55,-27.62,-24.75,0.89,-7.43,,,,,,,,,False,7,0,0,0,0,0,0,4,0,11,11,False,Below Threshold
